,y,z,phi,vy,vz,phi_dot
0,0.0,0.81642,0.0,0.0,0.0,0.0
1,8.197805175563061e-17,0.816419999999957,-1.0027896240103186e-12,3.279122070225213e-14,-8.632117243223573e-12,-2.0055792480206309e-10
2,1.0031053393619974e-15,0.8164199999998756,-2.3692621698130157e-13,1.3891237011397556e-13,-7.687042113957453e-12,3.537306062078659e-10
3,2.1725641719802503e-15,0.8164199999998036,3.343570536443295e-13,8.563891493484919e-14,-6.678799735482262e-12,-2.3947395208274e-10
4,3.0932269084679538e-15,0.8164199999997419,-6.326699679538956e-14,1.0499478558744742e-13,-5.665228286488869e-12,1.5994914199479637e-10
5,4.022246228144393e-15,0.8164199999996903,1.9609171322571968e-13,7.656856343895269e-14,-4.68935112962755e-12,-1.0807739999057464e-10
6,4.794934358883908e-15,0.816419999999648,1.465798607171437e-14,8.093550414794512e-14,-3.778737323045798e-12,7.179065455977367e-11
7,5.529052151874618e-15,0.8164199999996142,1.2913683888299008e-13,6.401632520671655e-14,-2.9575986104646367e-12,-4.8894883997518575e-11
8,6.152708623771854e-15,0.8164199999995884,4.5182445802547975e-14,6.20876234996057e-14,-2.2319923687064208e-12,3.210400538143019e-11
9,6.72114356820417e-15,0.8164199999995694,9.453139378957002e-14,5.079251008726437e-14,-1.6077272846359888e-12,-2.223421578402581e-11
10,7.204143088680694e-15,0.8164199999995558,5.4585254898376105e-14,4.646051337891477e-14,-1.0859757537673456e-12,1.4244988005787044e-11
11,7.62868242257604e-15,0.8164199999995471,7.472537320107992e-14,3.8118062465903284e-14,-6.607159264149241e-13,-1.0216964345246289e-11
12,7.983198236508856e-15,0.8164199999995422,5.4717832200916737e-14,3.311222361601296e-14,-3.182165642101609e-13,6.215456145213661e-12
13,8.281818884276075e-15,0.8164199999995402,6.182922424449961e-14,2.6495634677517522e-14,-5.305977879288469e-14,-4.793177736497092e-12
14,8.521257706305272e-15,0.8164199999995406,5.09266316278428e-14,2.1570387117604027e-14,1.4649614854534002e-13,2.612659213165733e-12
15,8.709733872703173e-15,0.8164199999995427,5.2300858635582106e-14,1.610237755039921e-14,2.855848890703801e-13,-2.3378138116178695e-12
16,8.847560617500222e-15,0.8164199999995462,4.5629572240083946e-14,1.1572046941576744e-14,3.755928901227912e-13,1.0035565325182386e-12
17,8.940167507665375e-15,0.8164199999995502,4.4551487854850925e-14,6.966957771152633e-15,4.235367612182041e-13,-1.2191734095648418e-12
18,8.989360167930289e-15,0.8164199999995542,3.991646542207781e-14,2.9473568986065277e-15,4.4188652736920866e-13,2.921689230102221e-13
19,8.999183486371759e-15,0.8164199999995582,3.7866020902283084e-14,-9.49168442414156e-16,4.4073189542359834e-13,-7.022578269691653e-13
20,8.9719858659542e-15,0.8164199999995622,3.42788467664869e-14,-4.4317053439775515e-15,4.2408743183841813e-13,-1.5177000190068136e-14
21,8.911060227014236e-15,0.8164199999995662,3.192066155409529e-14,-7.714866115792758e-15,3.9760195136296025e-13,-4.564600422882507e-13
22,8.818871728525807e-15,0.8164199999995702,2.893483797971514e-14,-1.067401536645199e-14,3.590727715163687e-13,-1.407046725877759e-13
23,8.698247717399869e-15,0.8164199999995735,2.656597562146924e-14,-1.3412055959178096e-14,3.155875560878503e-13,-3.3306779906140224e-13
24,8.551580420085651e-15,0.8164199999995765,2.3977713919245843e-14,-1.587908542483378e-14,2.6757263071886144e-13,-1.845845413832758e-13
25,8.381363291571766e-15,0.8164199999995787,2.1728214845786792e-14,-1.8127560968092484e-14,2.2206236849342694e-13,-2.653152733085325e-13
26,8.189833918959762e-15,0.8164199999995807,1.9440371239086824e-14,-2.014090731133834e-14,1.8273382806910526e-13,-1.9225344803146058e-13
27,7.979216195254448e-15,0.8164199999995825,1.7364722222912916e-14,-2.1948700568310013e-14,1.438849039914216e-13,-2.2287635520332084e-13
28,7.751560381075113e-15,0.8164199999995838,1.5329415388381916e-14,-2.3549185000812318e-14,1.1040057756872674e-13,-1.8418501170287809e-13
29,7.508853994693687e-15,0.8164199999995848,1.3445982634503897e-14,-2.4961298149946954e-14,8.236966664299072e-14,-1.9250153907272408e-13
30,7.252951113191617e-15,0.8164199999995855,1.1635775032877326e-14,-2.618968125617989e-14,5.6630256040080986e-14,-1.695399812525887e-13
31,6.985623524801494e-15,0.8164199999995857,9.94803325152087e-15,-2.724824184371978e-14,3.53672646724599e-14,-1.6800837501870085e-13
32,6.708530002025504e-15,0.8164199999995857,8.34486353284245e-15,-2.8144250886577493e-14,1.922018100231158e-14,-1.526255687169828e-13
33,6.423241534871848e-15,0.8164199999995857,6.847299342603698e-15,-2.888895736964323e-14,9.183764859700139e-15,-1.4688726933076675e-13
34,6.131228746914521e-15,0.8164199999995857,5.436831771045521e-15,-2.949053907702706e-14,1.7053025658250616e-15,-1.352062449808678e-13
35,5.83387468504915e-15,0.8164199999995857,4.121066837380354e-15,-2.995876053938137e-14,-3.339550858071665e-15,-1.279467417521647e-13
36,5.5324709238795055e-15,0.8164199999995857,2.8901060236541728e-15,-3.0301865485243034e-14,-8.117950756058353e-15,-1.1824542099307046e-13
37,5.2282249310370644e-15,0.8164199999995857,1.745232837946102e-15,-3.052861440665848e-14,-1.1795009413616878e-14,-1.1072921614854298e-13
38,4.922260275097807e-15,0.8164199999995857,6.809673928091331e-16,-3.0646916041164725e-14,-1.5116796703295355e-14,-1.021238728788502e-13
39,4.6156211191199346e-15,0.8164199999995857,-3.0414176767328925e-16,-3.066480861963583e-14,-1.8189894035457805e-14,-9.48979592176337e-14
40,4.309274185167182e-15,0.8164199999995857,-1.2141310631107579e-15,-3.058969984593419e-14,-1.9149126728733948e-14,-8.709989986985947e-14
41,4.004112343057088e-15,0.8164199999995857,-2.0510839028729773e-15,-3.0428984397154095e-14,-2.1191937094044243e-14,-8.029066808258384e-14
42,3.7009569580644215e-15,0.8164199999995857,-2.818847858326238e-15,-3.018953966070743e-14,-2.1529444893530286e-14,-7.326212300806786e-14
43,3.400561391923176e-15,0.8164199999995857,-3.5196895190140835e-15,-2.987811480638931e-14,-2.2382096176442407e-14,-6.69062091295007e-14
44,3.103613457079952e-15,0.8164199999995857,-4.157116866167607e-15,-2.950105022512945e-14,-2.268407683914044e-14,-6.057926030120358e-14
45,2.810738662877486e-15,0.8164199999995857,-4.733492164977896e-15,-2.906448487922806e-14,-2.2861712523080455e-14,-5.469579946085374e-14
46,2.522502736208557e-15,0.8164199999995857,-5.252518469207167e-15,-2.857421437448357e-14,-2.2968293933444468e-14,-4.9109461385000196e-14
47,2.2394150024899907e-15,0.8164199999995857,-5.7161604562607166e-15,-2.8035751822741258e-14,-2.303934820702047e-14,-4.361893602570963e-14
48,1.961930560008478e-15,0.8164199999995857,-6.127665800657167e-15,-2.745440856118011e-14,-2.3128166048990478e-14,-3.868213285358042e-14
49,1.6904533098280838e-15,0.8164199999995857,-6.489656168582291e-15,-2.6835122932382933e-14,-2.3216983890960485e-14,-3.3715940731444175e-14
50,1.4253385919668368e-15,0.8164199999995857,-6.804914032135082e-15,-2.618266617379724e-14,-2.32702745961425e-14,-2.9335631979113735e-14
51,1.1668959072326417e-15,0.8164199999995857,-7.076287633026527e-15,-2.5501433814667047e-14,-2.3305801732930512e-14,-2.4939088199175062e-14
52,9.153916458237617e-16,0.8164199999995857,-7.305889457971305e-15,-2.4795664477270882e-14,-2.3376856006506514e-14,-2.098127678978058e-14
53,6.710512288970754e-16,0.8164199999995857,-7.495942951705635e-15,-2.4069311533443657e-14,-2.3447910280082516e-14,-1.7029421957085207e-14
54,4.3406131810584124e-16,0.8164199999995857,-7.64912916505912e-15,-2.332616603021469e-14,-2.3483437416870527e-14,-1.3607820713611668e-14
55,2.0457244743855638e-16,0.8164199999995857,-7.768607892494356e-15,-2.256965462604858e-14,-2.3501200985264532e-14,-1.0287924773436115e-14
56,-1.7298102486690464e-17,0.8164199999995857,-7.855259702510465e-15,-2.18030386019069e-14,-2.3554491690446548e-14,-7.042437229786479e-15
57,-2.314651306335034e-16,0.8164199999995857,-7.911477387402666e-15,-2.1029447868307574e-14,-2.3607782395628564e-14,-4.201099748653489e-15
58,-4.3787325003002164e-16,0.8164199999995857,-7.940165203825405e-15,-2.0251706965197442e-14,-2.3643309532416574e-14,-1.5364635358942674e-15
59,-6.364941599014271e-16,0.8164199999995857,-7.943256202637043e-15,-1.947242447125291e-14,-2.3714363805992576e-14,9.182637735664295e-16
60,-8.273247146914084e-16,0.8164199999995857,-7.92213615113578e-15,-1.8694031799585287e-14,-2.378541807956858e-14,3.3057465266852045e-15
61,-1.010385424075964e-15,0.8164199999995857,-7.879362780507083e-15,-1.7918809421935537e-14,-2.382094521635659e-14,5.248927599054127e-15
62,-1.185718178898638e-15,0.8164199999995857,-7.815790317574092e-15,-1.7148780952368143e-14,-2.3838708784750594e-14,7.465564987543324e-15
63,-1.3533851356882016e-15,0.8164199999995857,-7.733963806569287e-15,-1.6385948268999446e-14,-2.389199948993261e-14,8.899737213417753e-15
64,-1.5134664438832778e-15,0.8164199999995857,-7.635380111995649e-15,-1.5631925213421953e-14,-2.3945290195114626e-14,1.0817001701309798e-14
65,-1.6660587060762699e-15,0.8164199999995857,-7.521360481228788e-15,-1.488839144613942e-14,-2.3980817331902637e-14,1.1986924452062084e-14
66,-1.8112736315543416e-15,0.8164199999995857,-7.393666022752181e-15,-1.415668145387097e-14,-2.3980817331902637e-14,1.3551967243259482e-14
67,-1.9492364076885338e-15,0.8164199999995857,-7.25328625002323e-15,-1.3438168982251487e-14,-2.4034108037084652e-14,1.4523987302531138e-14
68,-2.0800846025977387e-15,0.8164199999995857,-7.1019879906131165e-15,-1.2733943726130882e-14,-2.4069635173872663e-14,1.573566457949133e-14
69,-2.203966604068912e-15,0.8164199999995857,-6.940209232618921e-15,-1.204510165079689e-14,-2.4087398742266668e-14,1.662008701934784e-14
70,-2.321040848403586e-15,0.8164199999995857,-6.771236337622305e-15,-1.1372509922971021e-14,-2.4087398742266668e-14,1.717449197997535e-14
71,-2.4314731904470962e-15,0.8164199999995857,-6.593938598051302e-15,-1.071685730377297e-14,-2.4140689447448684e-14,1.8285055934225226e-14
72,-2.535437391423645e-15,0.8164199999995857,-6.410369326658564e-15,-1.0078984249123925e-14,-2.4176216584236695e-14,1.8428798344321865e-14
73,-2.633113373953776e-15,0.8164199999995857,-6.222471455448516e-15,-9.459284387096584e-15,-2.41939801526307e-14,1.915077589768777e-14
74,-2.724685532778848e-15,0.8164199999995857,-6.029426272490306e-15,-8.858303666659088e-15,-2.4176216584236695e-14,1.9458260693954458e-14
75,-2.8103430804032034e-15,0.8164199999995857,-5.8332499262767e-15,-8.276413341472435e-15,-2.4211743721024705e-14,1.977700854876682e-14
76,-2.8902784227032788e-15,0.8164199999995857,-5.634469868772562e-15,-7.713905172482798e-15,-2.4247270857812716e-14,1.9979002952060898e-14
77,-2.964686478765085e-15,0.8164199999995857,-5.434115462678165e-15,-7.170981834418158e-15,-2.426503442620672e-14,2.009187826681853e-14
78,-3.033763756916302e-15,0.8164199999995857,-5.232667988721593e-15,-6.647767462024434e-15,-2.4247270857812716e-14,2.019761652449553e-14
79,-3.0977078318981275e-15,0.8164199999995857,-5.030680728305333e-15,-6.144350026048211e-15,-2.4282797994600726e-14,2.0199835558756282e-14
80,-3.1567167817246893e-15,0.8164199999995857,-4.8290281565113e-15,-5.66073695881298e-15,-2.4300561562994732e-14,2.0130678800050587e-14
81,-3.2109883731492046e-15,0.8164199999995857,-4.628375957918751e-15,-5.196861989537007e-15,-2.4300561562994732e-14,1.9999760918459486e-14
82,-3.2607194196634076e-15,0.8164199999995857,-4.42904602959041e-15,-4.75260635763168e-15,-2.4282797994600726e-14,1.9866224747208352e-14
83,-3.306105430904236e-15,0.8164199999995857,-4.231442319561739e-15,-4.327826711192965e-15,-2.4318325131388737e-14,1.96545172585258e-14
84,-3.3473401998675945e-15,0.8164199999995857,-4.036252823354818e-15,-3.922318429741692e-15,-2.4336088699782742e-14,1.9383381982858168e-14
85,-3.384615171537831e-15,0.8164199999995857,-3.843916824530596e-15,-3.535820597886334e-15,-2.4336088699782742e-14,1.908381778198586e-14
86,-3.4181190431210897e-15,0.8164199999995857,-3.6542436038465545e-15,-3.1680548759236037e-15,-2.4318325131388737e-14,1.8850826354822462e-14
87,-3.4480377987986764e-15,0.8164199999995857,-3.46827595256761e-15,-2.818736830692091e-15,-2.4353852268176747e-14,1.834270390096648e-14
88,-3.474553844533179e-15,0.8164199999995857,-3.286360088624888e-15,-2.4874466405839425e-15,-2.4389379404964758e-14,1.8040468887577844e-14
89,-3.4978456809202814e-15,0.8164199999995857,-3.1079928541557265e-15,-2.1738369411201004e-15,-2.4389379404964758e-14,1.7632978006254433e-14
90,-3.5180882094699816e-15,0.8164199999995857,-2.9341130505839524e-15,-1.8775117036082416e-15,-2.4371615836570753e-14,1.7142982708100247e-14
91,-3.535452025259405e-15,0.8164199999995857,-2.7644883865091445e-15,-1.5980248175339755e-15,-2.4407142973358763e-14,1.67819501068611e-14
92,-3.5501034741049983e-15,0.8164199999995857,-2.5998036204632194e-15,-1.3349575475096012e-15,-2.442490654175277e-14,1.6155003102324096e-14
93,-3.5622041585142075e-15,0.8164199999995857,-2.439486863104429e-15,-1.0878005133150213e-15,-2.442490654175277e-14,1.5908348369433766e-14
94,-3.5719113203762415e-15,0.8164199999995857,-2.283891016682601e-15,-8.561758511808719e-16,-2.4407142973358763e-14,1.52108209149319e-14
95,-3.579377559804019e-15,0.8164199999995857,-2.133498190358479e-15,-6.395309570846984e-16,-2.4442670110146774e-14,1.4867744349892527e-14
96,-3.584750407768075e-15,0.8164199999995857,-1.988362109955539e-15,-4.3741161064091487e-16,-2.446043367854078e-14,1.4159471730695296e-14
97,-3.5881722679902274e-15,0.8164199999995857,-1.84817418902099e-15,-2.492525062968044e-16,-2.446043367854078e-14,1.38781124562144e-14
98,-3.5897806466770674e-15,0.8164199999995857,-1.71315637062706e-15,-7.463077240191728e-17,-2.4442670110146774e-14,1.3125451222571538e-14
99,-3.589708023167887e-15,0.8164199999995857,-1.5829800988411128e-15,8.702709219430681e-17,-2.4478197246934784e-14,1.2909803134617889e-14
100,-3.588082075252903e-15,0.8164199999995857,-1.4579528037007414e-15,2.361182945270202e-16,-2.449596081532879e-14,1.2095655893456383e-14
101,-3.585025441109232e-15,0.8164199999995857,-1.3382408389230825e-15,3.7325124358325376e-16,-2.449596081532879e-14,1.184673706207538e-14
102,-3.722079535074234e-15,0.8164199999994657,1.7287330601903619e-12,-5.6070735801507275e-14,-2.3971722384885725e-11,3.460024134687938e-10
103,-9.591180612885682e-15,0.8164199999959597,5.283079074963123e-11,-1.9532681174192677e-12,-6.772375904517977e-10,9.874409124419347e-09
104,-9.068727830500784e-14,0.816419999975711,3.9017129090223316e-10,-1.97814684469615e-11,-3.3725322623468043e-09,5.759369090610083e-08
105,-6.254828320548807e-13,0.8164199999153883,1.5952970040503032e-09,-1.0688144664453937e-10,-8.692032107404682e-09,1.8343145172351245e-07
106,-2.867553732632196e-12,0.8164199997541509,4.540963299154285e-09,-3.8969437009876325e-10,-2.35554453986709e-08,4.0570180729728223e-07
107,-9.820255135607014e-12,0.8164199993496178,1.061747741540645e-08,-1.1001968820702285e-09,-5.7351161082408646e-08,8.096010159531472e-07
108,-2.7614613586860756e-11,0.8164199984556916,2.190399196983449e-08,-2.643209200599861e-09,-1.2143412316589812e-07,1.4477018949324541e-06
109,-6.755901209385421e-11,0.8164199967210172,4.129134946039059e-08,-5.662653459506497e-09,-2.2550077706462508e-07,2.4297696031787557e-06
110,-1.4899923501821364e-10,0.8164199937302568,7.277736767564732e-08,-1.1140186750987394e-08,-3.726513108482636e-07,3.867434039872573e-06
111,-3.0324886330840424e-10,0.8164199890891465,1.215714288723985e-07,-2.0507520320054106e-08,-5.555707129022748e-07,5.891378199477631e-06
112,-5.787195965746498e-10,0.816419982556154,1.9433819075547375e-07,-3.577636051952006e-08,-7.510277860245894e-07,8.661974177137376e-06
113,-1.047464669053364e-09,0.8164199742066667,2.9926309240214905e-07,-5.968817318301307e-08,-9.188696913353058e-07,1.2323006152197623e-05
114,-1.8131212367911745e-09,0.8164199645799227,4.44980306855719e-07,-9.582561469316447e-08,-1.006479107724012e-06,1.682043673851629e-05
115,-3.0251423374063055e-09,0.8164199566544571,7.110390143897342e-07,-1.5092868427091508e-07,-5.78614000889463e-07,3.639130476828659e-05
116,-4.936149492492061e-09,0.8164199525654756,9.948848149945174e-07,-2.3591364164383363e-07,-2.391823011635201e-07,2.0377855352669876e-05
117,-7.826044104502345e-09,0.816419951468935,1.31423521837217e-06,-3.4728667364174343e-07,1.9874156071692796e-08,4.349222532286051e-05
118,-1.2012014071035571e-08,0.8164199526148999,1.7168601016011903e-06,-4.96490249218216e-07,2.093188151627577e-07,3.70327513229433e-05
119,-1.7886062586396603e-08,0.8164199553639079,2.1664093807421904e-06,-6.856695943953857e-07,3.4048276703394915e-07,5.287710450525655e-05
120,-2.5890818333995783e-08,0.8164199591838861,2.682715163734228e-06,-9.237231618211831e-07,4.235128360887241e-07,5.0384052093150625e-05
121,-3.653005069096625e-08,0.8164199636417977,3.2324320025597274e-06,-1.2131111839699536e-06,4.6806944877632e-07,5.9559315671949237e-05
122,-5.0343451419787184e-08,0.8164199683944223,3.820701171927728e-06,-1.559187164123861e-06,4.824554251967358e-07,5.809451820165052e-05
123,-6.790690421060551e-08,0.816419973177232,4.432751617218213e-06,-1.9635104179686257e-06,4.741064618973315e-07,6.431557085644574e-05
124,-8.98199805595361e-08,0.8164199778048291,5.058195638883903e-06,-2.429330859206123e-06,4.514129170615563e-07,6.077323347669189e-05
125,-1.1668935769452512e-07,0.8164199821474523,5.61284229821334e-06,-2.9536130375008575e-06,4.17111699430535e-07,5.015609838919495e-05
126,-1.4906024493105973e-07,0.8164199861122957,6.110167018803297e-06,-3.528695665568194e-06,3.758569717722756e-07,4.930884572879593e-05
127,-1.8741762035851979e-07,0.816419989648057,6.514732919251221e-06,-4.1493940693914216e-06,3.3129526992081613e-07,3.1604334360788735e-05
128,-2.321610908567245e-07,0.8164199927356688,6.859910373414591e-06,-4.804943679032312e-06,2.8622709480959624e-07,3.7431156471885085e-05
129,-2.8363321012859967e-07,0.8164199953801199,7.193830775351602e-06,-5.494939771489873e-06,2.4266303390253734e-07,2.935292391551702e-05
130,-3.4213071464409354e-07,0.816419997603985,7.139252875104931e-06,-6.203668783308703e-06,2.021100273661948e-07,-4.026850396485096e-05
131,-4.076351302280191e-07,0.8164199994411154,7.1251246568840325e-06,-6.896983337195098e-06,1.65316045304989e-07,3.7442860320671106e-05
132,-4.801365312736956e-07,0.8164200009305902,7.199567099413755e-06,-7.60451400546937e-06,1.325789091562394e-07,-2.255437181472659e-05
133,-5.596843140178554e-07,0.8164200021129167,7.073502886141195e-06,-8.302981394078395e-06,1.038863760442516e-07,-2.6584708397855814e-06
134,-6.461887406099847e-07,0.8164200030267441,7.1619881617627565e-06,-8.999350658235077e-06,7.887907799005052e-08,2.035552596409771e-05
135,-7.397209783600561e-07,0.8164200037054697,7.27374505359689e-06,-9.708924116550605e-06,5.686605192093317e-08,1.995852402728955e-06
136,-8.402579276033786e-07,0.8164200041773911,5.78512364205859e-06,-1.0374126776835413e-05,3.7518401818013715e-08,-0.00029972013471038815
137,-9.465598589499473e-07,0.8164200044634116,5.394690704656336e-06,-1.0879875915112188e-05,1.968571442124636e-08,0.00022163354722993763
138,-1.0581589603185984e-06,0.8164200045724005,5.065167813623663e-06,-1.1434556660314704e-05,2.112083420862752e-09,-0.0002875381254364719
139,-1.1746848915024996e-06,0.8164200045033932,4.220673456901407e-06,-1.1856822096270105e-05,-1.591349394272683e-08,0.00011863925409202138
140,-1.2953913875758046e-06,0.8164200042437667,3.866515999299221e-06,-1.2278686645145363e-05,-3.6011803116906937e-08,-0.00018947074561245862
141,-1.4198390534410264e-06,0.8164200037744832,2.8777211402163966e-06,-1.2594679735550944e-05,-5.784484074623216e-08,-8.288226204105576e-06
142,-1.5472028840066243e-06,0.816420003069707,3.0280205981426645e-06,-1.2880543773072772e-05,-8.311040144918205e-08,3.834811778935906e-05
143,-1.6774757451367306e-06,0.8164200020928231,2.426554491970691e-06,-1.3164194485035266e-05,-1.122663493212319e-07,-0.0001586413390237533
144,-1.8100332091586862e-06,0.8164200007979503,6.526561356470066e-07,-1.331829509141257e-05,-1.4670813819611398e-07,-0.00019613833224098255
145,-1.943349659941121e-06,0.8164199991399704,3.311291917626756e-07,-1.3339738101587676e-05,-1.848878617747646e-07,0.00013183294346411648
146,-2.0770223833774258e-06,0.816419997078099,3.9412907127954773e-07,-1.339583663325615e-05,-2.2748645579881667e-07,-0.00011923296756074208
147,-2.2109444678447416e-06,0.8164199945489243,-1.2221307762832728e-06,-1.3362154425400453e-05,-2.783484803682698e-07,-0.00020401900195182106
148,-2.3437217796620037e-06,0.8164199914882766,-2.176164218771337e-06,-1.3177709500081322e-05,-3.3378110720821807e-07,1.3212313454208607e-05
149,-2.474384476674899e-06,0.8164199878642757,-2.883089663067148e-06,-1.2943271678227246e-05,-3.910191110660893e-07,-0.00015459740231337025
150,-2.602291274390058e-06,0.8164199836712362,-2.704265087039261e-06,-1.2641011644936646e-05,-4.475888073162205e-07,0.00019036231751894743
151,-2.7276426645789615e-06,0.8164199789499964,-1.3330841625564313e-06,-1.2451685189745238e-05,-4.966591014311327e-07,8.38738673776177e-05
152,-2.851365432923503e-06,0.8164199737601603,-3.886882562261512e-06,-1.2251113894331942e-05,-5.41308246806155e-07,-0.0005946335473186324
153,-2.971492688548791e-06,0.8164199681806387,-3.779913818567481e-06,-1.1776086169091546e-05,-5.745960581758513e-07,0.0006160272960574381
154,-3.0878838264209865e-06,0.8164199623704766,-4.015737482405631e-06,-1.1498285688948424e-05,-5.874363315450221e-07,-0.0006631920288250677
155,-3.2001457308711223e-06,0.8164199565640974,-6.573209574245287e-06,-1.091228052658166e-05,-5.738397672804587e-07,0.00015169761045713792
156,-3.306243440122107e-06,0.8164199510857523,-5.655141211392913e-06,-1.0322271749305926e-05,-5.218291954028742e-07,3.191606211333648e-05
157,-3.406421018905872e-06,0.8164199463551595,-9.292820698823369e-06,-9.653767888691387e-06,-4.242897761869081e-07,-0.0007594519595994252
158,-3.49769376994754e-06,0.816419942900269,-1.0344060539805117e-05,-8.583594520629315e-06,-2.6668848928928694e-07,0.0005492039914030759
159,-3.578894495051161e-06,0.8164199397956174,-1.0471727911372993e-05,-7.654463140432643e-06,-3.542418275740414e-07,-0.0005747374657166505
160,-3.6497727742352663e-06,0.8164199370229953,-1.1207054007942271e-05,-6.5091700958411e-06,-2.0028272462625534e-07,0.0004276722464027949
161,-3.709714179009177e-06,0.8164199364533357,-1.1241833292345024e-05,-5.478542215979507e-06,8.635077486499173e-08,-0.00043462810328334536
162,-3.7584158882177695e-06,0.8164199410002623,-1.386250070705212e-05,-4.2189513917413285e-06,8.230339626598175e-07,-8.950537965807226e-05
163,-3.7936165398969884e-06,0.8164199532970945,-1.5282403487802794e-05,-2.7979633411697078e-06,1.6363321517975668e-06,-0.00019447517649206177
164,-3.8138575723982506e-06,0.81641997418187,-1.6304143036231034e-05,-1.2335375634744394e-06,2.5406226705699974e-06,-9.872733193586071e-06
165,-3.818083366679636e-06,0.8164200046055435,-1.7579314655550126e-05,4.0922797644326466e-07,3.5441117069133188e-06,-0.00024516159067023276
166,-3.8051419469246374e-06,0.8164200456148893,-1.7896942729925583e-05,2.184249252526587e-06,4.6577573153456275e-06,0.0001816359757951416
167,-3.774622263309718e-06,0.8164200981877368,-1.847335902127571e-05,3.929111992013194e-06,5.856812007472102e-06,-0.0002969192340651666
168,-3.7259840045690164e-06,0.8164201567692213,-1.9002098972029843e-05,5.807184654557391e-06,5.859484752257712e-06,0.00019117124391433937
169,-3.658694274236076e-06,0.816420231168899,-1.965457266580296e-05,7.661429700664902e-06,9.020450541709933e-06,-0.0003216659826689627
170,-3.5720766418485923e-06,0.81642033363384,-2.0872377081748634e-05,9.682008376726248e-06,1.1472537283146028e-05,7.8105099479829e-05
171,-3.4650640798919036e-06,0.8164204623190239,-2.109424955577142e-05,1.1724131732805006e-05,1.4264499408456398e-05,-0.00012247959428438542
172,-3.3372736629836845e-06,0.816420616459218,-2.234190562428702e-05,1.3854351303627313e-05,1.6563538977979364e-05,-0.0001270516194187318
173,-3.187603114929566e-06,0.8164207899048799,-2.312830849241156e-05,1.609261619882404e-05,1.8125593110752948e-05,-3.0228954206175787e-05
174,-3.0151874707341006e-06,0.8164209736263507,-2.459958637581492e-05,1.8414568154578818e-05,1.8618700481906e-05,-0.00026402662247449626
175,-2.8186578004630505e-06,0.8164211548820581,-2.5849425476814282e-05,2.0911800563488192e-05,1.763244049098602e-05,1.4058802274625307e-05
176,-2.596831743444786e-06,0.8164213199564498,-2.6347195888054394e-05,2.3461549199724243e-05,1.5382437619015833e-05,-0.00011361288452264757
177,-2.34904600222342e-06,0.8164214575803177,-2.8237178927776916e-05,2.6126499246625035e-05,1.2142335088727436e-05,-0.0002643837234218554
178,-2.07357499339239e-06,0.8164215591127807,-2.9951215776651062e-05,2.899572588560253e-05,8.164156670357421e-06,-7.842364635297377e-05
179,-1.7687900077951888e-06,0.8164216101206908,-3.084993351465034e-05,3.1975964351153414e-05,2.037424911102361e-06,-0.00010131990124688194
180,-1.4337619333494903e-06,0.8164215920790129,-3.152155965749095e-05,3.504063076538342e-05,-5.645760860814552e-06,-3.3005327321239266e-05
181,-1.0677147394628918e-06,0.8164214883907492,-3.340639854951506e-05,3.819962216041434e-05,-1.5091892875085198e-05,-0.0003439624510835795
182,-6.688916016282666e-07,0.8164212831112057,-3.538503480568528e-05,4.159735252396914e-05,-2.5964016956372166e-05,-5.176480015046605e-05
183,-2.3544344094927203e-07,0.8164209502561227,-3.6346097702331306e-05,4.510799064471833e-05,-4.060700019162045e-05,-0.00014044777917874123
184,2.3363459766478532e-07,0.8164204581575198,-3.706429238547122e-05,4.8719357501652724e-05,-5.781272081736479e-05,-3.191157449239226e-06
185,7.390361120259112e-07,0.8164197798649548,-3.741920572803795e-05,5.2366747018722365e-05,-7.784579238822068e-05,-6.779151106410738e-05
186,1.2812617745354012e-06,0.8164188878301617,-3.929016045002362e-05,5.610896850963997e-05,-0.00010056116741991876,-0.00030639943333302675
187,1.8619056311222913e-06,0.8164177507509233,-3.9744089581131566e-05,6.002722255979946e-05,-0.00012685468055883973,0.00021561360711143607
188,2.4815927874940687e-06,0.8164163406283208,-4.099576428966052e-05,6.39306676891449e-05,-0.00015516984077420775,-0.0004659485488172268
189,3.1414952345044015e-06,0.8164146395289908,-4.237447916604523e-05,6.807235683510774e-05,-0.00018505002617167908,0.00019020557354028348
190,3.8428016622628176e-06,0.8164126349770022,-4.188685747434541e-05,7.21809586058813e-05,-0.0002158603711948569,-9.268123520032223e-05
191,4.5854769375259076e-06,0.8164103281220187,-4.495385627417416e-05,7.640422672089623e-05,-0.00024551062768424323,-0.0005207185247654237
192,5.371974865537805e-06,0.8164077345360045,-4.4788088013047e-05,8.0892649335598e-05,-0.00027320657504476464,0.0005538721769908547
193,6.202517841194676e-06,0.8164048968969398,-4.607700875273721e-05,8.523701511401465e-05,-0.0002943212388227049,-0.0008116563249288983
194,7.078246850216723e-06,0.8164018877312863,-4.727208288183988e-05,8.99283235251042e-05,-0.00030751189281278535,0.000572641499108363
195,8.000025342147692e-06,0.8163988027794544,-4.454285230947361e-05,9.438275283577219e-05,-0.0003094784715123705,-2.679538463510889e-05
196,8.965932479882465e-06,0.8163957853911495,-4.706213875343051e-05,9.883987154399685e-05,-0.00029399919131394367,-0.0004770619041562714
197,9.97711582690629e-06,0.8163930308762183,-3.8524425118881875e-05,0.0001032571534578499,-0.0002569037887913069,0.002184604631065992
198,1.102749250971608e-05,0.816390787193807,-4.687952499356374e-05,0.00010695487959962418,-0.00019183269890239092,-0.003855624606002358
199,1.21235882241456e-05,0.8163893511975052,-5.146006505308892e-05,0.00011233922876075988,-9.536656540270918e-05,0.002939516594097325
200,1.3269331990810962e-05,0.8163891045675908,-4.5113882538656494e-05,0.00011670561492227484,4.604058726352023e-05,-0.0016702800912108435
201,1.4460575389708055e-05,0.816390519006313,-5.30219303604402e-05,0.00012167261292360449,0.00023684715070830382,8.867052685410548e-05
202,1.5704421928721397e-05,0.8163941773141297,-6.665509624954843e-05,0.00012732018329305423,0.0004948143995900948,-0.0028153037046757417
203,1.70139089892283e-05,0.8164013046638976,-8.046422350147595e-05,0.00013480401113653232,0.0009306555369970438,5.3478254290243e-05
204,1.840412856388827e-05,0.8164145333725933,-0.00011007741841241794,0.0001437279511149801,0.001715086157132437,-0.005976117236478619
205,1.9912241869058912e-05,0.8164385090509187,-0.0002444295626700304,0.0001601219317602853,0.00308004912981185,-0.020894311615043785
206,2.167721094742346e-05,0.8164801856657254,-0.0005285128164090676,0.00019761963584199901,0.005255272032348252,-0.03592233913276348
207,2.3992296480070895e-05,0.8165490595559888,-0.0010101498004077038,0.00027353426416506675,0.008519499860040932,-0.06040505766696348
208,2.736559523614765e-05,0.8166573009011131,-0.0017987335749231313,0.00041462462837999153,0.013128750455148988,-0.09731169723612156
209,3.264013432793288e-05,0.8168194811703653,-0.0030171818416983394,0.0006614595164448227,0.01930725292300946,-0.14637795611891932
210,4.11394437863821e-05,0.8170523775674995,-0.0047735796406431505,0.0010694509951786313,0.027271906465557483,-0.20490160367004173
211,5.481033378952272e-05,0.8173749635110029,-0.007131187832733427,0.0017071926847560715,0.037245030770626304,-0.26662003474801194
212,7.634666616502319e-05,0.8178079048905641,-0.010291800934043404,0.002658122505278556,0.04934274230798125,-0.36550258551398085
213,0.0001094382708429211,0.8183729383037207,-0.014375589242845986,0.004036715180277722,0.0636629998224776,-0.4512550762465331
214,0.00015896625117122994,0.8190926331400358,-0.01943179724431272,0.00596554826570069,0.08027433850601699,-0.5599865240468107
215,0.00023114018417200313,0.819989992634882,-0.025590453385468268,0.008589353171762138,0.09919486280156363,-0.6717447041842951
216,0.00033370642459213296,0.8210883355168715,-0.03288131997969063,0.012068952280315357,0.1204694798318367,-0.7864286146601718
217,0.00047605715552063126,0.8224105062052437,-0.04140913472964679,0.016574008245368463,0.14395824714319377,-0.9191343353310523
218,0.000669398077768021,0.8239783989602183,-0.05120416564781284,0.022296203083045082,0.1696109541934119,-1.039871848302153
219,0.0009268419180224932,0.8258128278078005,-0.06226607635257179,0.029424405378339923,0.19726166312301985,-1.1725102926496325
220,0.0012634309882267783,0.8279329379274062,-0.07459435537946757,0.03815555044642779,0.22674241021265631,-1.2931455127295157
221,0.0016961677324531647,0.8303562895523919,-0.08816100049376373,0.04868407285727559,0.2579040962134594,-1.420183510129706
222,0.0022439576247414907,0.833098516956652,-0.10281529279705111,0.06119314158463633,0.2905108229748571,-1.5106749505277621
223,0.002927401110394514,0.8361730598728074,-0.11846379555422298,0.07583968890252829,0.3243595482484925,-1.6190256009066013
224,0.0037685750114906467,0.8395907171526167,-0.13501408189998135,0.09276158602614976,0.35912522166308986,-1.6910316682450697
225,0.004790903896550094,0.8433600998859252,-0.15231574611847437,0.11208964473078578,0.39469558006702127,-1.7693011754535153
226,0.006018934262532887,0.8474879393994165,-0.1701547326593144,0.13391546383815056,0.43080742665488253,-1.7984961327144864
227,0.007478138678828745,0.8519799060918315,-0.18823995899717771,0.15833175062435476,0.46751231303197893,-1.8185491348581608
228,0.009193819192355108,0.8568370966363215,-0.20653021556521306,0.18521415166146948,0.5038438448782108,-1.839502178748907
229,0.011190746962662347,0.8620556041327911,-0.2248602429194943,0.21458084930406335,0.5397679402923194,-1.8265032921073152
230,0.0134936346193672,0.8676310205304367,-0.24267543360405622,0.2463932321880332,0.5752208933516282,-1.7365348448050657
231,0.01612639939859182,0.873558287744433,-0.259838684319206,0.2805402188942278,0.6101348752122276,-1.6961152982248824
232,0.019111762463054446,0.8798312583913114,-0.2761455379656607,0.3168920355919274,0.6443604721206957,-1.5652554310660505
233,0.022470992937520737,0.886443015578433,-0.29128825660546515,0.3552862789722938,0.6778940773543537,-1.4632882968948056
234,0.026223637048428415,0.8933864886844995,-0.30512187140317676,0.39554438398203556,0.7107077404600868,-1.3034346626474977
235,0.03038729250549597,0.9006545800096747,-0.3172944482919889,0.4374508939593555,0.7428255211736204,-1.1310807151149083
236,0.03497663807334658,0.9082386670416246,-0.3276448618723202,0.48064108966333313,0.773917393288041,-0.9390020009513719
237,0.04000327362940456,0.9161290265899208,-0.33599494608341685,0.5248645446860307,0.8040929837474341,-0.7310148412679561
238,0.04547593518441239,0.9243162971167189,-0.34217505660219916,0.5697989137512047,0.8333148482348871,-0.5050072624884997
239,0.05140011509298834,0.932791013944385,-0.346023371830473,0.6151181316147961,0.8615994566796107,-0.26465578316625116
240,0.05777806989036512,0.9415441842576178,-0.3474235497150996,0.6605021215271265,0.8890240174574602,-0.01537979375905999
241,0.06460883585152805,0.9505676483301109,-0.3463100656689645,0.705627918223419,0.9156771695610786,0.2380766029860824
242,0.07188826922470946,0.9598542825931632,-0.34265399797433965,0.7501831346304181,0.9416768261074175,0.49313693593886754
243,0.0796091257419596,0.9693981585643181,-0.33644825347616863,0.7938603609987772,0.9671435322455814,0.7480119636953477
244,0.08776117591611934,0.9791947180774093,-0.3277144691477442,0.8363703540859361,0.9922302343163357,0.9987449019895386
245,0.09633132956186255,0.9892408805794708,-0.3165270686871486,0.8774311226378901,1.0170788084599627,1.2387351901295787
246,0.10530378575458205,0.9995350720417936,-0.30299275502283224,0.9167829493916683,1.0418482297435814,1.4681275427336962
247,0.11466021773147153,1.0100772809574436,-0.2872273745031818,0.9541803955328836,1.066691794607071,1.684948561196398
248,0.12437993915012077,1.0208690714734645,-0.26939406735936516,0.9893977640799249,1.0917709588303184,1.8817128675668895
249,0.13444009045647484,1.0319135332325373,-0.24972801217709176,1.0222275053601344,1.1172289760079122,2.0514981688877834
250,0.14481587662392417,1.043215173243931,-0.22851633653027584,1.0524910729509798,1.1432059968624046,2.190836960475387
251,0.15548081005698614,1.054779708927968,-0.20586715617887746,1.0800248825983148,1.1698050539553564,2.3389991098042717
252,0.16640676707568502,1.0666138804370484,-0.18196248456141823,1.1046668163165152,1.1971274078718959,2.4419352136875534
253,0.17756416949053389,1.0787254027886837,-0.1573414475639065,1.1262956401629365,1.2252658103985752,2.482272185814772
254,0.1889224489721733,1.0911225699036269,-0.13211786358502814,1.1448260142163154,1.2542454995463865,2.5624446099608855
255,0.20045013452350358,1.103814000957493,-0.10646129260118824,1.1601639173585137,1.2841062971079775,2.568869586807076
256,0.2121150067603457,1.1168083967909521,-0.08077914085836173,1.1722591352564509,1.314824642263784,2.5675607617582106
257,0.2238844918746822,1.1301141642169465,-0.0552116839549264,1.1810854466054603,1.3463664583839416,2.5459306189288418
258,0.23572585636390717,1.1437392606178922,-0.029992487411962043,1.1866393077578732,1.3786761748131535,2.4979086896640164
259,0.24760648438974014,1.157690919713111,-0.005313470567252592,1.188947100964664,1.4116651474581594,2.4378946792778597
260,0.2594941507435233,1.1719754739079857,0.018634228338414452,1.188060604392128,1.4452421683342878,2.351645101855535
261,0.27135730694541477,1.1865981938445576,0.04171897726741936,1.1840622114344013,1.4792864498266605,2.265304683945433
262,0.2831653066457499,1.2015630909146164,0.06394748929560781,1.1770469163161212,1.5136669879338136,2.180397721692244
263,0.2948884985822386,1.216872871705731,0.0851919954549789,1.1671216543046696,1.5482540446666548,2.068503510181959
264,0.3064984482224145,1.2325289773070194,0.10535465791021975,1.1544221018622318,1.5829244147083135,1.964028980866201
265,0.31796809969829076,1.2485318480103325,0.12446931828791703,1.1390851928501564,1.6176008805118087,1.858903094673246
266,0.32927176138418135,1.2648813010521673,0.1425111451934429,1.1212480092116752,1.652236106228248,1.7494622864319194
267,0.34038511478391015,1.281576834327753,0.15953891909379153,1.1010461344578737,1.686813228171662,1.656092493637799
268,0.35128517466904446,1.2986176208463283,0.17554277966983975,1.07861223081181,1.7212842502426482,1.5446796215718421
269,0.3619503894696507,1.316002114794151,0.19048869597333593,1.0541009961059993,1.755553492961402,1.444503639127381
270,0.3723607608549633,1.3337277818206268,0.20448607090770557,1.027665184791548,1.7895182493335244,1.3549713477465355
271,0.3824977657824912,1.3517910733747467,0.21765168316863095,0.9994469010930641,1.8230781502123456,1.2781511044385507
272,0.3923442501190719,1.3701874769472633,0.22995552066614658,0.9695809951890256,1.856141328493001,1.1826163950645743
273,0.40188444859866557,1.38891167720125,0.24143726921859696,0.9382087844514886,1.8886386932715542,1.113733315425495
274,0.4111038892401038,1.4079578605048422,0.2521831690860781,0.9054465129456861,1.9205392967282489,1.0354466580707216
275,0.41998924142030186,1.4273199933485758,0.26214785436059107,0.8714090304200652,1.9518307487087923,0.9574903968318444
276,0.4285282648174806,1.4469921883887549,0.2713453250997068,0.836198172255302,1.9825542890802432,0.882003750991313
277,0.4367097040036882,1.4669690532907607,0.27971876730262984,0.799910591952683,2.0127680546005413,0.7926846895932945
278,0.4445232743748207,1.4872459355577354,0.28721461503612833,0.7626437020560037,2.042561845519816,0.7064848571063944
279,0.45195964946248707,1.5078192223199107,0.29361852201969774,0.7244951313588401,2.072054796238358,0.5742965396074835
280,0.45901065160271265,1.528686575280403,0.2986955599194729,0.6855974689715101,2.101382886481954,0.4411110403475304
281,0.46566951857714045,1.5498469968476416,0.3023848303407941,0.6460975927504087,2.130677143108971,0.2967430439167564
282,0.47193102564426764,1.5713007852071703,0.3045165341917804,0.6061585250118334,2.1600663416085797,0.12959772628051416
283,0.4777917478127707,1.5930494263830972,0.30488540577446094,0.5659780581445426,2.189659423823326,-0.05582340974438555
284,0.4832504257491557,1.6150953595527842,0.3032853422015961,0.5257916588343795,2.219537924543,-0.2641893048285636
285,0.48830834682321633,1.6374417107826729,0.2995655832903942,0.48587211048488266,2.249757064239803,-0.47976247741180894
286,0.4929696686055424,1.6600919951152902,0.29359440062852366,0.4465203129660461,2.2803389550826565,-0.714474054962299
287,0.49724174230536083,1.683049672548814,0.2852928369052554,0.4080729298101127,2.3112497134838588,-0.9458386896913501
288,0.5011353407713833,1.7063176487349885,0.2747985436448778,0.3708728518635601,2.3424105730113736,-1.1530199623841615
289,0.5046646091391184,1.7298977702048621,0.2621195364176865,0.33525422644827996,2.373688968360834,-1.3827814830541025
290,0.5078470700161241,1.753790449128559,0.24721816783236772,0.3015591837137499,2.404930477406056,-1.5974922340096207
291,0.5107035529797217,1.7779945584672991,0.23033708885209966,0.27010077961504103,2.4359798774450128,-1.778723562043988
292,0.5132578093039839,1.8025071607245355,0.21180399967750546,0.24114818149768835,2.46662998491971,-1.9278942728748456
293,0.5155359739181677,1.8273232663885492,0.191914144671048,0.2149095556254288,2.496678111565453,-2.050076728416635
294,0.5175659140500796,1.8524361854077018,0.17106754664301166,0.19152114928951905,2.5259869440983023,-2.1192428771906195
295,0.5193765266574706,1.8778377489179339,0.14966454197442408,0.17105266551409667,2.5543987666790167,-2.161358056526885
296,0.5209970885772984,1.9035184211612617,0.12811297677938652,0.1535105083266833,2.5817986944955025,-2.1489549824806313
297,0.5224566027712578,1.929467654890859,0.10683150727616422,0.13883357391568668,2.6081001157266392,-2.107338918163818
298,0.5237831229603754,1.9556748853847084,0.08630141388874404,0.12689265561253735,2.633386856650093,-1.9986797593202008
299,0.5250031256126406,1.9821304222056988,0.06697696156059918,0.11750230063253544,2.657750769064049,-1.8662107063087665
300,0.5261410447655442,2.0088260201578327,0.04912636280501834,0.11044371662297715,2.681389841060764,-1.7039090448073906
301,0.5272190164339173,2.035755896425537,0.03306940845044382,0.10547525945808917,2.7045987301752503,-1.5074818261075043
302,0.5282566773663386,2.0629170169312787,0.019009692486965487,0.1023407790811354,2.727632735190633,-1.3044613665881557
303,0.5292710882873046,2.0903090333346768,0.007039740371865481,0.10078328016398097,2.7507736700232392,-1.0895290564318376
304,0.5302767378752903,2.1179343693842028,-0.0027621585660197265,0.10054532266018858,2.7742939431045968,-0.8708507311451982
305,0.5312855379367275,2.1457979541442045,-0.010338367352969202,0.10136902737487194,2.7984219804519626,-0.6443910262446922
306,0.5323067804170263,2.173906206461839,-0.015596655880801627,0.10298718058646258,2.823227073468598,-0.4072666793217901
307,0.533346982151604,2.202264580208678,-0.018452441968357703,0.10511186215003447,2.8484466693882844,-0.16389053818942423
308,0.5344096711958131,2.2308740419438466,-0.018876983180474444,0.10743465679385862,2.873445513996864,0.07898229576607659
309,0.5354952593842272,2.259728779813294,-0.016824054169107636,0.10964118411263385,2.8975028113470214,0.33160350650728315
310,0.5366009886714876,2.2888144841285025,-0.012180483964875057,0.11141161866766129,2.9196394136490493,0.5971105343392303
311,0.5377210082476173,2.3181109690686443,-0.005041098094129783,0.11245174636184169,2.939658801079009,0.8307666398098204
312,0.5388467034392636,2.3475930637791107,0.004629990950070792,0.11250160449946532,2.9567602045001147,1.1034511690302886
313,0.5399669623242878,2.377229352472303,0.01685802441388996,0.11132225196297918,2.970495112470001,1.3421555237335383
314,0.5410684612137805,2.4069875757733854,0.03162722943791487,0.10870983867049384,2.98114309312835,1.6116854810714356
315,0.5421358481364937,2.4368381210519763,0.04895515311530341,0.10446167693626927,2.988953669195968,1.8538992544062602
316,0.5431518635638902,2.4667533393440526,0.06880243045180168,0.09839998116525644,2.9940699079487008,2.115556212893379
317,0.5440973851737332,2.496708445814087,0.09120085586978087,0.0903274817468346,2.9969212193672563,2.364128870702447
318,0.5449512545061647,2.5266847023638612,0.11419973659017382,0.08006509830776277,2.99829076934828,2.235647273376128
319,0.5456905131514187,2.5566786239898054,0.13749291792497684,0.06739742614577185,3.000444352693006,2.422988993584459
320,0.5462874093444967,2.586717458766016,0.1631279946479841,0.051533582763590415,3.0072547813420734,2.7040263510169793
321,0.5467051402676015,2.61686012056852,0.19157446929006391,0.03148147152441477,3.021182459437058,2.9852685773989673
322,0.5468964984582462,2.647185017474161,0.22283544976258596,0.006161914323234659,3.0436649415251296,3.2669275171054264
323,0.5468023201998231,2.6777848870789978,0.2569133925139573,-0.02573911515386417,3.0761277193825083,3.5486610331688127
324,0.5463620137018512,2.7087192294758604,0.29379950853904224,-0.06313664565498975,3.1105107705072457,3.8285621718481666
325,0.5455227686855876,2.739990026785493,0.3334831176166541,-0.10557849605899836,3.1433678956890394,4.108159643674176
326,0.5442326344855098,2.7715804073889263,0.3759634992183492,-0.15336238970574384,3.174369816572367,4.38791667666482
327,0.5424367950353138,2.803470026733495,0.42123412014193595,-0.20676282759842834,3.2031510379351813,4.6662075080525085
328,0.5400778417989553,2.835634664906475,0.4692902441676316,-0.26602298260217627,3.2293018503351067,4.9450172970866
329,0.537096103413527,2.8680457914594677,0.5201353181407682,-0.3313514855839971,3.25236973548538,5.223997497540677
330,0.53343001518464,2.9006701400942494,0.5737744999274781,-0.4029173924995321,3.271860073268903,5.503838859801277
331,0.5290165529009561,2.933469275679942,0.6302060607299328,-0.4808423046177701,3.287234001761037,5.78247330068968
332,0.5237917414950635,2.9663991752290952,0.6894192054366522,-0.5651934897197449,3.297913310217536,6.060155640654184
333,0.5176912330927554,2.999409846258088,0.7514245909763326,-0.6559774464906262,3.3032825529980703,6.340921467281909
334,0.51065094235628,3.0324449549033594,0.8162426972521497,-0.7531340443676762,3.302689419150758,6.622699787881458
335,0.5026077509607179,3.0654414856718653,0.8838787480484971,-0.8565284566167847,3.295451017823824,6.90451037138795
336,0.4936532023379817,3.0982099000714753,0.9543329763637102,-0.9350852916411961,3.2573092760911093,7.186335291654626
337,0.48424449927899016,3.1303314175838413,1.0276054863060708,-0.9467486459222835,3.166851770991925,7.468166696817502
338,0.474715925458235,3.1615442546133647,1.1036963228851777,-0.9590524471778635,3.0755595773194315,7.750000619003857
339,0.46506244396700125,3.1918390687685925,1.182605455014302,-0.9717198203885482,2.9832366340579157,8.031825806820919
340,0.45528086696594866,3.221205277788437,1.2624358392024542,-0.9846580776340395,2.889833009315731,7.934251030809479
341,0.4453681810949583,3.2496322705406135,1.3403697876624672,-0.9979266595256665,2.795393182640855,7.652538661192984
342,0.43532153165502196,3.277109723447261,1.4154862986576597,-1.0114362370132401,2.6999282538265836,7.370763537845495
343,0.42513893111905665,3.30362749499967,1.4877862917204965,-1.02510356619472,2.60346135285198,7.0892350747218105
344,0.41481919048868177,3.3291757091925875,1.557270196415289,-1.0388522291286264,2.5060222551732902,6.807545864236669
345,0.40436184279192305,3.3537448169930997,1.623944491024507,-1.0526142584801812,2.4076463643781176,6.527313057606934
346,0.39376706384597315,3.377325638845512,1.6884274444085812,-1.0663289014924981,2.308370601775455,6.3692776192078
347,0.3830356110913852,3.3999093026885516,1.7534610320644592,-1.0799393501899353,2.2082146357073134,6.637439911967735
348,0.3721688291105563,3.421486945003899,1.8204668600206646,-1.0933840818890652,2.107163671616623,6.7637256792733185
349,0.3611686940541131,3.442049579876267,1.8877785724118392,-1.1065997529046967,2.005215029148291,6.698616798961603
350,0.35003779346878,3.4615883204459585,1.9548838045559958,-1.1195274964372606,1.902388487818496,6.722429629869668
351,0.3387792991707406,3.4800944918325993,2.02206193864941,-1.132108843217409,1.7987049134873938,6.713197188813095
352,0.32739696033035,3.497559645845248,2.089256381329399,-1.1442870721314262,1.6941894941932578,6.725691347184553
353,0.31589508709009567,3.5139756011141334,2.1566110378355763,-1.1560065243983835,1.5888699902165855,6.745239954050885
354,0.30427854038392554,3.5293344677321503,2.224078206121193,-1.1672129360107062,1.4827773131049344,6.748193703072258
355,0.29255271069632377,3.543628688175171,2.291644519711797,-1.177854680050392,1.3759469296976041,6.765069015048471
356,0.2807234946670144,3.556851075449627,2.3592805278184925,-1.187882222753104,1.2684174793103191,6.7621326062904785
357,0.2687972673832596,3.5689948502114266,2.4269560506609262,-1.1972494661062016,1.1602318098796223,6.772971962196161
358,0.2567808531451443,3.5800536749632257,2.4947947506343597,-1.2059124306900195,1.0514351864696674,6.794768032490506
359,0.24468150555791915,3.590021676047593,2.562740213442829,-1.2138295680255364,0.9420753678923067,6.794324529203243
360,0.23250687224205294,3.5988934763836413,2.6307852378993566,-1.2209635847247777,0.8322037882558659,6.8146803621022265
361,0.22026496000360785,3.6066642240556472,2.6988987181999753,-1.2272800172061968,0.7218740345916796,6.80801569802148
362,0.20796409525524712,3.6133296185913326,2.767035238198215,-1.2327494792446003,0.6111427565931101,6.819288301626351
363,0.19561288255325468,3.6188859344467024,2.8353147715536524,-1.2373453989093037,0.50006811006132,6.836618369461073
364,0.18322017724426967,3.623330035343616,2.9037008195505534,-1.241044538340217,0.3887099046471707,6.840591229919083
365,0.17079504201449416,3.626659392961023,2.972138561279491,-1.2438287382330722,0.27712985928895645,6.846957115868452
366,0.15834669908713503,3.628872102681159,3.040658997278022,-1.24568407701983,0.16539089550466474,6.857130083837761
367,0.14588448960331435,3.6299668940404373,3.1092000696082125,-1.2466009170358254,0.05355690168162836,6.851084382200245
368,0.13341782285834455,3.6299431388822567,3.1777223779327155,-1.2465752232969893,-0.05830763974222709,6.853377282700325
369,0.12095612822488924,3.6288008549016295,3.2463379753426693,-1.2456066707572944,-0.1701380783553329,6.869742199290384
370,0.10850882266166213,3.626540706721139,3.3149991333671975,-1.243698435533036,-0.2818697194640226,6.862489405615156
371,0.09608526175879994,3.623164003923122,3.383671896520186,-1.2408595784026653,-0.39343834506594944,6.8720632249824
372,0.08369469074546355,3.618672695294995,3.4523214095529897,-1.2371031020796688,-0.5047803978566299,6.8578393815782155
373,0.0713461962306703,3.6130693582073867,3.5209018698445784,-1.2324477308505108,-0.6158338042228124,6.8582526767393714
374,0.059048659386218,3.6063571844736644,3.589519170941173,-1.2269154863404768,-0.726537669274282,6.865207542579344
375,0.04681072471902829,3.5985399685804094,3.6581271539961517,-1.220531992026964,-0.8368325109480864,6.856389068416479
376,0.03464075539079269,3.5896220881043757,3.7266990767276966,-1.2133278195318116,-0.9466612437404658,6.857995477892506
377,0.022546790468148087,3.579608480796726,3.7951889897244917,-1.2053372180843414,-1.0559689988260177,6.839987121466485
378,0.010536503065216234,3.568504616700541,3.8635630197119646,-1.1965990572193084,-1.1647042356480675,6.834818876027964
379,-0.0013828368716844806,3.556316468756381,3.931926609816279,-1.1871548282240354,-1.2728177377839807,6.83789914483503
380,-0.013204386730220171,3.543050490580605,4.000242917036019,-1.1770487311362539,-1.380262820325377,6.825362299112931
381,-0.024921764985550626,3.5287135829220313,4.0684559923149015,-1.1663287532797946,-1.4869968284263841,6.817252756663804
382,-0.0365290839231091,3.513313055586451,4.136606650709156,-1.155045481235746,-1.5929804684953732,6.812878922187257
383,-0.048020973097646205,3.496856594521899,4.204633051745503,-1.1432518763826294,-1.6981780219015639,6.7924012850823035
384,-0.05939260585492928,3.4793522188422696,4.27250727133245,-1.131003621536806,-1.802558546830546,6.782442632306863
385,-0.07063972008991896,3.4608082397785624,4.340343455963781,-1.118357764287738,-1.9060942804446284,6.7847942939596235
386,-0.08175862991841323,3.4412332320386794,4.4081005383276874,-1.1053726296306867,-2.0087606174830155,6.766622178821513
387,-0.09274624209447208,3.4206359905375567,4.4757849003726475,-1.0921083185926113,-2.1105380401936755,6.770250230170594
388,-0.10360006864957803,3.399025488635772,4.5433030435394635,-1.0786257884009274,-2.2114106097842363,6.733378403192792
389,-0.1143182375354482,3.37641082597828,4.610664311503579,-1.0649871259077492,-2.311368790494919,6.738875189630785
390,-0.12489949687894904,3.352801188218049,4.6780433883381,-1.0512542336688515,-2.4104045316207907,6.7369401772730635
391,-0.1353432164118041,3.3282058235504612,4.745321780723419,-1.0374895652706895,-2.508514046125568,6.718738299790551
392,-0.14564938971831357,3.3026339896003516,4.812538884784143,-1.0237553496901475,-2.605698869962932,6.72468251235409
393,-0.15581863093977552,3.2760949141656015,4.87964574572449,-1.010113420945722,-2.7019636275065375,6.696689675715603
394,-0.16585217049546364,3.248597748486825,4.946641107835888,-0.9966251402364669,-2.7973188883307887,6.702382746564054
395,-0.1757518471415249,3.220151526181206,5.01357291649203,-0.9833508120817863,-2.891777482354413,6.683978984663985
396,-0.1855200972256015,3.1907651299744364,5.080550185272674,-0.9703496756896454,-2.98535661850914,6.711474771464709
397,-0.19515994519701738,3.1604472579393925,5.146970140467881,-0.9576794630957484,-3.078077516268382,6.572516267576531
398,-0.2046749548840649,3.1292063137757706,5.211867142997826,-0.9453895226454502,-3.16997837337212,6.406884238412591
399,-0.2140691560512901,3.0970502932746986,5.277338508365651,-0.9335269161996582,-3.2610962812123323,6.687388835152531
400,-0.2233471356360177,3.063986979790213,5.345614100889541,-0.9221573142076578,-3.3514370361664225,6.967729669625289
401,-0.23251419445429702,3.03002412941087,5.4166968762144085,-0.9113555492780845,-3.441005068493063,7.248825395348333
402,-0.24157640111530265,2.995169412060319,5.490592889307392,-0.901200242174036,-3.5298133281914885,7.530377223248116
403,-0.2505403122987225,2.9594306066452516,5.564858525516652,-0.8917068024744292,-3.6178302293227986,7.322750018603724
404,-0.25921553539078157,2.9230523639511596,5.636677075719591,-0.8440402391682674,-3.6572476372042724,7.0409600219844855
405,-0.26727877601806066,2.8865140521285944,5.705677516389485,-0.769824456058066,-3.6495610583082865,6.759128111994028
406,-0.27461421287601945,2.8501128320098825,5.771859608087651,-0.6985619180417261,-3.6298967353507434,6.4772902276398305
407,-0.28127592609193136,2.813930669942514,5.835223324962749,-0.6350705351928331,-3.6058650037253495,6.195453147379963
408,-0.2873412397229343,2.778007854570093,5.8957686734273755,-0.5792619550091499,-3.578134758721487,5.913616545545509
409,-0.29288628305052006,2.7423782367557745,5.953495654088522,-0.5309870053021939,-3.547324200627634,5.631779586683835
410,-0.2979854250549811,2.707069747095809,6.00840426614774,-0.4900441508379977,-3.5139989136447896,5.349942825159983
411,-0.30271079011199037,2.6721049292367463,6.060494510379545,-0.4561872709017547,-3.478670600511655,5.068106021200877
412,-0.3071318490261805,2.6375014805817902,6.109766387966195,-0.4291329376134272,-3.441796847715792,4.786269496128742
413,-0.31131507990503837,2.6032727909502134,6.156219903202688,-0.4085670985753854,-3.4037817479401857,4.50443355116955
414,-0.3153236929203143,2.5694284688948654,6.1998550959616585,-0.3941511651220311,-3.364977725921668,4.222605000624968
415,-0.3192174115632106,2.5359748543974026,6.240672026243612,-0.385527232475217,-3.3256864170568123,3.940781055765671
416,-0.32305230377990307,2.50291552094087,6.278670681311642,-0.3823228337002965,-3.286159898066568,3.6589499578401288
417,-0.3268806580786136,2.4702517378525517,6.313851062255117,-0.38415515499045266,-3.2466073876200636,3.377126230854621
418,-0.33075089647009315,2.4379828978258327,6.3462132747669315,-0.3906342377153639,-3.207195494899548,3.0953162715083575
419,-0.33470751908782853,2.4061069435683047,6.375757361082654,-0.4013661085863197,-3.168048137774357,2.8135009916361184
420,-0.3387910742809915,2.3746207435752233,6.402483315495199,-0.41595470207600294,-3.1292567866818586,2.5316898908730368
421,-0.3430381483810374,2.343520427146162,6.42639123174649,-0.4340039489658084,-3.090878368712384,2.2498933593852373
422,-0.34748136413759484,2.312801650378121,6.447481454302186,-0.45511735356073385,-3.0529511549408843,1.9681511517539296
423,-0.35214941126452576,2.282459964736108,6.4657544516785475,-0.47890502866047846,-3.0154583804419905,1.686448323518566
424,-0.3570670737859156,2.2524910722404488,6.481210500733651,-0.504975685260054,-2.9783872444866484,1.4047614875024181
425,-0.3622551800763875,2.222890605538526,6.493901481149723,-0.5329305380855869,-2.9417651993653426,1.133434595712166
426,-0.3677287110515808,2.193645039621593,6.504234998782624,-0.5620038026534462,-2.907398040403543,0.9332689308679953
427,-0.37349405097676813,2.164718293821166,6.512703831559253,-0.5912441556599523,-2.8779923813097508,0.7604976244576321
428,-0.3795521886447095,2.1360649290291596,6.519190598535919,-0.6205167701126706,-2.8527122146079362,0.536855770875531
429,-0.3859028129941049,2.1076478800282503,6.523514566406419,-0.6496946480743964,-2.830718606921019,0.32793780322455934
430,-0.39254429365644405,2.079437612555088,6.52580350275089,-0.6786462997066834,-2.811345929501263,0.12984946566953276
431,-0.3994737915779811,2.0514108933105915,6.52618733524463,-0.7072606700448553,-2.7939997494685738,-0.05308296692159926
432,-0.40668745523919575,2.0235501904736153,6.524777323334728,-0.7354452796777387,-2.778134196057041,-0.2289194150585437
433,-0.414180566203797,1.9958432703953444,6.5216457865239725,-0.7631179357631557,-2.76323537991645,-0.3973879470925698
434,-0.42194760542637416,1.968282851023388,6.516955665884251,-0.7902019616526735,-2.7488273274416404,-0.5406361808521911
435,-0.4299823572654389,1.9408662690347718,6.510853167545326,-0.8166340184579706,-2.734462191976458,-0.6798634869327438
436,-0.43827799274762463,1.9135953067274767,6.503393421677555,-0.8423527537808893,-2.7196982997658394,-0.8120856866214612
437,-0.44682700195195535,1.8864758443097203,6.49477677609279,-0.8672858865512468,-2.70415838247395,-0.9112434303316247
438,-0.45562119616464725,1.8595173718348517,6.485076480793475,-0.8913674179224831,-2.687497186715726,-1.0288156295317559
439,-0.4646516275663889,1.8327326740751408,6.474373815702164,-0.9145115928989966,-2.6694010868163214,-1.1117173887302276
440,-0.4739084714771252,1.8061373135109082,6.462861651477843,-0.9366310263771964,-2.649628591466784,-1.1907154561340738
441,-0.483381001656003,1.7797490775620899,6.450512157444708,-0.9576285255841984,-2.6279753873738416,-1.2791833504931236
442,-0.4930574051567541,1.753587536258347,6.437438163893115,-0.9773868023906218,-2.6042898249799347,-1.3356153598254068
443,-0.502924661198701,1.7276731307992264,6.4237267814382015,-0.9957813998402179,-2.578549237521191,-1.4066611311571864
444,-0.5129684749070965,1.702026500867213,6.409372591774975,-1.0126801103954153,-2.5507363266350573,-1.4641768014879684
445,-0.5231731991289735,1.6766680656258164,6.394485692824503,-1.0279473348680104,-2.5209128464199733,-1.5132029886062768
446,-0.5335218914646941,1.6516175423120323,6.379231862089106,-1.0414609987104932,-2.4891574630275186,-1.537563158473143
447,-0.5439964061051685,1.6268929920695536,6.363461347780934,-1.053096196861516,-2.4557220122666803,-1.616539703161271
448,-0.5545772282043762,1.602509997936891,6.347180549815179,-1.062707408107998,-2.42085073722844,-1.6396198899896124
449,-0.5652435337567915,1.5784809761699614,6.330538691774318,-1.0701819826559624,-2.38493289034817,-1.6887517181826655
450,-0.5759734927021645,1.5548156472745787,6.313471712404303,-1.0754260393687154,-2.348117976546171,-1.7246441558204018
451,-0.5867443483226363,1.5315211336534353,6.296011512890308,-1.0783509426495956,-2.3107762416902484,-1.7673957469790242
452,-0.5975325575588986,1.508602476223567,6.278220545791218,-1.0788878700873037,-2.272953655342497,-1.790797672838906
453,-0.6083139619975153,1.4860627205405488,6.259997553785996,-1.0769798080025124,-2.235003285071126,-1.8538007282056752
454,-0.6190637546537526,1.4639026090425042,6.241303702966262,-1.0725547740457102,-2.1970328058434925,-1.8849694357407825
455,-0.6297564570313717,1.44212284008417,6.222305649656682,-1.0655544760639408,-2.1589431555608902,-1.9146412261754528
456,-0.6403660885142578,1.4207243035780486,6.203052404000238,-1.055934614887928,-2.1207950178930166,-1.9360079051130479
457,-0.6508663695568189,1.39970608943384,6.183531405348296,-1.0436790914285814,-2.082887689292002,-1.9681918252756048
458,-0.6612305560485423,1.3790677707042853,6.163911450646448,-1.0287129528725285,-2.044824994253648,-1.955799115094155
459,-0.6714313657542669,1.3588116132453028,6.144365998937197,-1.0110044540319312,-2.0064641843066924,-1.9532912267556615
460,-0.6814418162397305,1.3389372080953206,6.125178565124742,-0.990650460671448,-1.9684819262159643,-1.8841955357353135
461,-0.6912358061170404,1.3194407216138064,6.106536524811351,-0.9677259050829607,-1.9308865916285363,-1.844212526942813
462,-0.7007880387265653,1.3003180380375898,6.088650715318414,-0.9423174038901556,-1.8937258509995765,-1.732949371644716
463,-0.7100743487396267,1.2815646966489787,6.0718811262373995,-0.9145678208596849,-1.857019971206135,-1.6209684445580064
464,-0.7190721427388129,1.2631760927042068,6.0564169954222375,-0.8846447265973394,-1.8207779232863388,-1.4718577184747452
465,-0.7277606762382577,1.2451476340989789,6.042579726128934,-0.852753187949263,-1.784987328486403,-1.2955961401857654
466,-0.7361214432040964,1.2274749451218043,6.03061803450039,-0.8191341125994684,-1.7496174729726006,-1.096742185522989
467,-0.7441384936109099,1.21015404193054,6.020738774649862,-0.7840568149551268,-1.7146209057655932,-0.8791097845823646
468,-0.7517986815424879,1.1931815277903401,6.013121171491752,-0.7478121735599131,-1.6799279253449106,-0.6444108470395863
469,-0.7590918999882977,1.1765546788563195,6.007918830300486,-0.7107165811106677,-1.6454740159471062,-0.39605739121406264
470,-0.7660112622762824,1.1602715748766972,6.005233134207907,-0.6730966060316413,-1.6111636142452985,-0.1410818273019654
471,-0.7725532065240268,1.144331244198121,6.00510775171883,-0.6352894775055208,-1.5769033112915178,0.11600532948699535
472,-0.7787175595728628,1.1287336683249847,6.00755130482923,-0.5976350574116295,-1.5425965328525062,0.37270529259296076
473,-0.784507547876094,1.1134797898890099,6.012542100191703,-0.560472859441833,-1.5081482521310319,0.6254537799015788
474,-0.7899297743504423,1.0985714753278053,6.020004754789593,-0.524137586239178,-1.473469480436961,0.8670771396761858
475,-0.794994126137677,1.084011437794219,6.029760969201978,-0.48894918260203746,-1.4384808242477198,1.0841657428008755
476,-0.7997135588638884,1.069803108996552,6.041565961522741,-0.4551999543671909,-1.4031185504322057,1.2768327213514714
477,-0.8041038028745168,1.0559504667026989,6.055198180652857,-0.4231530364071875,-1.367337113863859,1.4496111046718974
478,-0.8081830849833953,1.0424578676887604,6.070430806704454,-0.3930444257011954,-1.3311062665056834,1.596914105647595
479,-0.8119718379278604,1.0293298871114607,6.086996054381666,-0.3650783162290286,-1.2944126524689483,1.7161354297945968
480,-0.815492349659372,1.0165711457595261,6.104528069281576,-0.33941924063349177,-1.257260651417307,1.7902675501873149
481,-0.8187682916520602,1.0041861327350674,6.122666314337002,-0.3161793544853759,-1.2196717044062415,1.837381460897658
482,-0.8218242392709273,0.9921790568066742,6.1410959451838485,-0.2954281926596404,-1.1816797430917683,1.8485447084713624
483,-0.8246852316324247,0.980553744817113,6.159462387892616,-0.27718797402149997,-1.1433268165375652,1.8247438332822998
484,-0.8273762916226333,0.9693135471274751,6.177439879237656,-0.2614337962443277,-1.1046655103287724,1.7707544357256997
485,-0.8299219649443411,0.9584612995304442,6.194684814490207,-0.24809468528011053,-1.0657456580575222,1.6782326147843987
486,-0.8323458522383711,0.9479993051751161,6.210961145682404,-0.23705502037836884,-1.0266232527783996,1.577033623654933
487,-0.8346702586934138,0.9379293565626582,6.226011803139307,-0.2281708784534889,-0.9873441677322906,1.4330978677255874
488,-0.8369158245463719,0.9282527999541597,6.2395301605474796,-0.22125207129782368,-0.9479515486529727,1.2705736139089983
489,-0.8391011236611594,0.9189705821231703,6.251411691073607,-0.21608017500972657,-0.9084817608779007,1.1057324913166837
490,-0.8412424851852539,0.9100833258650789,6.261519418184027,-0.2124239647601326,-0.8689633167239303,0.9158129307670657
491,-0.8433538045598465,0.9015914031108048,6.269727507711438,-0.21002821108461026,-0.8294179447741432,0.7258049747151604
492,-0.8454463821145201,0.8934949981246686,6.276054958283336,-0.2086324688384078,-0.7898615715308349,0.5396851396644906
493,-0.8475289247447642,0.8857941520071676,6.280470387047713,-0.2079773577506181,-0.7503071632419096,0.34340061321114457
494,-0.8496075172934036,0.878488437353533,6.283024100030034,-0.2077997049892952,-0.7108356884363889,0.1673419832529325
495,-0.8516857094549242,0.8715707844188932,6.284036453551638,-0.20786171462127898,-0.6726949079411221,0.03512872106807192
496,-0.8537648923565695,0.8650256521092813,6.283627294686668,-0.2079656962280735,-0.6363315473552753,-0.11696049406208651
497,-0.8558445171559337,0.8588358876030661,6.281854368075836,-0.20792001986001382,-0.6016213689630173,-0.23762482810443164
498,-0.8579222669751297,0.8529867067539437,6.278981531884336,-0.20756697792007167,-0.5682149719845894,-0.3369424101955449
499,-0.8599944009862857,0.8474669318530188,6.275079781119832,-0.20677491281731755,-0.5357405262873541,-0.44340774270513483
500,-0.8620558876856274,0.8422691855616636,6.270355900433278,-0.20542005209469144,-0.5038098006620365,-0.501368394605819
501,-0.8641006488543231,0.8373902598658722,6.265175726246772,-0.20342000258088533,-0.47197706650963006,-0.5346664426951842
502,-0.8661219403108233,0.8328310184745418,6.259627822534417,-0.20071789607845358,-0.4398737118773965,-0.5749142997756459
503,-0.8681124739551667,0.8285958514751525,6.25406186885585,-0.19726748485679507,-0.4071628873249976,-0.5382764359376953
504,-0.8700647630911358,0.8246925621862153,6.248593402487804,-0.19307025104920542,-0.3734987965557887,-0.5554168376713996
505,-0.8719712836261094,0.8211315544216686,6.243441402907488,-0.18811974603799347,-0.33870700412930005,-0.47498307839181386
506,-0.8738247076200444,0.8179254113012562,6.238607034269756,-0.18245685890105978,-0.3025261833120764,-0.4918906491544876
507,-0.8756179768961604,0.8150881815564424,6.234423763916549,-0.17610238305741868,-0.26492419142696627,-0.34476342148690886
508,-0.8773446858710583,0.8126337692374791,6.230267813621739,-0.16914447560599347,-0.2259630963029985,-0.48642663747493553
509,-0.8789987865300342,0.8105706036865131,6.226792017519534,-0.1615960665741105,-0.18667437931237701,-0.2087325829661032
510,-0.8805756389549102,0.8089004485711174,6.226094564334175,-0.15375844468272,-0.1473575533491036,0.06924194589447374
511,-0.882074850441461,0.8076133058350761,6.228191127683802,-0.1461311615597447,-0.11006833310715948,0.3500707240309183
512,-0.8835060980537754,0.8065825601835696,6.233100940934094,-0.14021008683086444,-0.09607596058045323,0.6318919260274448
513,-0.8848862678009048,0.8055860630138106,6.238159548265287,-0.1359005475440776,-0.10321983354880863,0.37982954021123677
514,-0.886225467771122,0.8045132877608998,6.240567657810414,-0.1319755624593418,-0.11133363838700744,0.10179236881406536
515,-0.8875219339977471,0.8034569444707833,6.240179910960833,-0.12731060662273966,-0.09993532176977449,-0.1793417387299119
516,-0.888766065882118,0.8026276055339414,6.236977761045577,-0.12144527001611659,-0.06593560250144312,-0.4610882443212711
517,-0.8899478331529771,0.8021651641435716,6.23375854830084,-0.1148344212483926,-0.02655621568434107,-0.18275430462588002
518,-0.8910644943637076,0.8020447211295032,6.233318632611945,-0.10848850026097577,0.0024671484545224567,0.09477116684681011
519,-0.8921226483415153,0.8021204645187034,6.235661798454914,-0.10318459606396428,0.012683596771638687,0.3738620017470173
520,-0.8931309785459012,0.8022657936757557,6.240058014911326,-0.09855603560951627,0.016385622728787276,0.5053812895352142
521,-0.8940958118020806,0.8024363029937822,6.243763235686914,-0.09447201903972408,0.01771876842817641,0.23566286558263608
522,-0.8950218243439068,0.8026044829972423,6.244935400796431,-0.090749302360737,0.0159179610225295,-0.0012298436794255171
523,-0.8959111939117608,0.8027480973763438,6.245598870783097,-0.08713511477111394,0.012805313975401274,0.13392384101269592
524,-0.896764790353888,0.802862067961617,6.246278967225825,-0.08359497400933438,0.009989204826738632,0.002095447532636026
525,-0.8975831528548475,0.8029482500355417,6.246475790715761,-0.08008065430359164,0.007247325205006254,0.03726925045455478
526,-0.8983664021685378,0.8030098396418361,6.246817311341769,-0.07657466840800714,0.005070795626304567,0.031034874747035465
527,-0.8991146496042417,0.8030524019250773,6.247137407274748,-0.07307996539814077,0.0034418474586367354,0.03298431184870578
528,-0.8998280228826331,0.8030811600240361,6.247532418733104,-0.06960107420315458,0.0023100013390272515,0.04601797982255197
529,-0.90050673808477,0.8031008346457404,6.248024953903866,-0.06614996296061675,0.001625206283559493,0.05248905432993917
530,-0.9011511360314712,0.8031153369469359,6.248603970368284,-0.06273905956045282,0.0012755830830359816,0.06331423855367704
531,-0.9017616822150595,0.8031275767282104,6.249275184279283,-0.05938114000171216,0.0011727487910734176,0.07092854364613109
532,-0.9023389646779595,0.8031395682663435,6.250022945894121,-0.05608758511456646,0.001225969269806176,0.07862377932136483
533,-0.9028836767949147,0.803152518731852,6.250838640316928,-0.05286819372275434,0.0013645614789645675,0.08451510524003097
534,-0.9033966007806766,0.8031669972662919,6.251708379840251,-0.049730847885140796,0.0015316001646574757,0.08943279942438814
535,-0.9038785884244357,0.8031830882895684,6.252621067853123,-0.046681626965400215,0.0016870683035834528,0.09310480315021959
536,-0.9043305440406192,0.8032005440710391,6.25356573439585,-0.04372496006732547,0.0018045534872259223,0.09582850539530671
537,-0.9047534091191223,0.8032189119696135,6.25453331170747,-0.040863885994329836,0.001869487602863883,0.0976869569285518
538,-0.9051481497546262,0.8032376385754683,6.255516017408982,-0.038100309458582095,0.001876286192268244,0.09885418337371026
539,-0.9055157465278789,0.8032561477414285,6.256507533371234,-0.03543524816627429,0.001825987405051126,0.09944900907705422
540,-0.9058571867129119,0.8032738958027854,6.257502704731545,-0.03286904298488701,0.0017240505012760265,0.0995852629849318
541,-0.9061734583800016,0.8032904069893847,6.2584973766980605,-0.030401529206647876,0.0015785958810127267,0.09934913031818195
542,-0.9064655460158334,0.8033052931221617,6.259488170319253,-0.028032167782184585,0.001399021935344692,0.09880959392019852
543,-0.9067344272779528,0.8033182613497492,6.260472308437222,-0.025760141835199403,0.001194996250944038,0.09801802967324862
544,-0.9069810705685212,0.8033291133531746,6.261447463987463,-0.02358442443993387,0.0009757580499185875,0.09701308037509487
545,-0.9072064331725405,0.8033377388498686,6.262411645501762,-0.02150382440105338,0.0007496756411776645,0.09582322248466993
546,-0.9074114597706576,0.8033441056468037,6.263363111332351,-0.019517015901485975,0.0005239988162395179,0.09446994363324962
547,-0.907597081190862,0.8033482479375966,6.2643003099744226,-0.017622557091502313,0.0003047552640074433,0.0929697847808329
548,-0.907764213308426,0.803350254066436,6.265221839528921,-0.01581890148204023,9.674753236293965e-05,0.09133612611909202
549,-0.9079137560370972,0.8033502545958101,6.26612642236087,-0.014104405064417477,-9.638316490242967e-05,0.08958044027056117
550,-0.908046592379623,0.8033484112163733,6.2670128899868685,-0.012477331232287947,-0.00027205232208827484,0.08771308492916377
551,-0.9081635875225824,0.8033449068117275,6.267880173606172,-0.01093585481744197,-0.00042860578156937045,0.08574363893119352
552,-0.9082655879705666,0.8033399368286578,6.268727299598423,-0.009478066006138838,-0.0005651850010906511,0.08368155951922328
553,-0.9083534207225016,0.8033337019911472,6.2695533961848495,-0.008101975032668322,-0.0006815930273904306,0.08153775776661248
554,-0.9084278925024171,0.8033264023178704,6.270357686804142,-0.00680551815634689,-0.000778167830200737,0.0793203660917752
555,-0.9084897890475548,0.803318232344818,6.271139486385354,-0.005586563196082881,-0.0008556679408252375,0.07703955015027318
556,-0.9085398744580351,0.8033093774474035,6.271898206620081,-0.004442916451945839,-0.0009151669144106503,0.07470449679532441
557,-0.9085788906185621,0.8033000111394092,6.272633352773743,-0.0033723300494278275,-0.0009579635019961854,0.07232473393692825
558,-0.9086075566960603,0.803290293207701,6.273344523680402,-0.002372509830158543,-0.000985504323115135,0.06990944739496617
559,-0.9086265687177519,0.8032803685556852,6.274031409058293,-0.0014411235025138527,-0.0009993194449769735,0.06746762818333642
560,-0.9086365992313994,0.8032703666331816,6.274693786906298,-0.0005758089226270326,-0.0010009695193435677,0.06500794141772022
561,-0.9086382970483583,0.8032604013422973,6.275331520033738,0.00022581764124186032,-0.000992003445019096,0.06253868407019858
562,-0.9086322870686019,0.8032505713201369,6.275944552133465,0.0009661533881103225,-0.0009739253372336958,0.060067735875234694
563,-0.9086191701857571,0.8032409605113228,6.276532903451778,0.0016476011112316633,-0.000948169595919784,0.05760252778718897
564,-0.9085995232692486,0.8032316389551326,6.277096666167704,0.0022725616551512147,-0.0009160829129904066,0.0551500153980677
565,-0.9085738992199207,0.8032226637233094,6.2776359995584565,0.0028434267682542103,-0.0008789121300258923,0.05271666275233284
566,-0.9085428270949282,0.8032140799550378,6.278151125054829,0.003362572398480196,-0.0008377969467172026,0.050308436522026684
567,-0.908506812297307,0.8032059219450634,6.278642321266585,0.003832352463083596,-0.0007937665828142067,0.04793080582941586
568,-0.9084663368253857,0.8031982142493926,6.279109919036067,0.004255093110649621,-0.000747739599895131,0.04558874806670338
569,-0.9084218595770716,0.8031909727804407,6.279554296575621,0.004633087482640601,-0.0007005261895634829,0.043286759844105446
570,-0.9083738167040258,0.8031842058699437,6.279975874732665,0.00496859097253337,-0.0006528323311486467,0.0410288715650396
571,-0.9083226220107896,0.803177915283482,6.280375112415461,0.005263816973489486,-0.0006052653121298923,0.03881866499420511
572,-0.9082686673940494,0.8031720971751047,6.280752502204652,0.0055209330999677056,-0.000558340186756089,0.03665929284402673
573,-0.9082123233173918,0.8031667429744263,6.281108566168188,0.005742057864633471,-0.0005124868224319702,0.03455349986328073
574,-0.9081539393171019,0.8031618402017446,6.281443851891113,0.005929257789024536,-0.0004680572492561458,0.032503644721748305
575,-0.9080938445347847,0.8031573732092793,6.28175892872654,0.006084544924586023,-0.00042533308580715843,0.0305117223635677
576,-0.9080323482728275,0.8031533238486558,6.282054384270116,0.006209874759610237,-0.0003845328642232473,0.02857938635195317
577,-0.907969740568968,0.8031496720663112,6.2823308210569735,0.006307144487215681,-0.00034581912036763803,0.026707971019401575
578,-0.907906292786482,0.803146396429665,6.282588853477641,0.006378191609566255,-0.00030930515090152343,0.024898513113578484
579,-0.9078422582167539,0.8031434745877226,6.282829104907338,0.006424792854010481,-0.0002750613693052203,0.023151772825889587
580,-0.907777872691222,0.8031408836703419,6.283052205042175,0.006448663377541306,-0.00024312121720525327,0.021468254141457675
581,-0.9077133551998728,0.8031386006306912,6.283258786639995,0.006451456262856952,-0.00021348661494360394,0.019848065422539883
582,-0.907648908513093,0.8031366025356005,6.283449483375874,0.006434762332120579,-0.0001861329321647826,0.01829128175320789
583,-0.907584719804949,0.8031348668087136,6.2836249322016595,0.006400109973847164,-0.00016101345707957468,0.01679848340403092
584,-0.9075209612789845,0.8031333714309669,6.283785766226966,0.006348964967571925,-0.00013806346193245223,0.015368321657347929
585,-0.9074577907906771,0.8031320951029335,6.283932612724053,0.006282731243168935,-0.00011720376465222948,0.014000977759990598
586,-0.9073953524643913,0.8031310173732482,6.284066094311103,0.006202751170499855,-9.83439507610079e-05,0.012695339650082795
587,-0.9073337773053216,0.803130118737035,6.2841868256214335,0.006110306345254447,-8.138515123383612e-05,0.011450922415770979
588,-0.9072731838037726,0.8031293807080965,6.284295413250602,0.006006618282355522,-6.622251229708525e-05,0.010266603417932148
589,-0.9072136785312765,0.8031287858682453,6.28439245373095,0.005892849387059051,-5.2747297355694045e-05,0.009141492652051763
590,-0.9071553567268398,0.8031283178969448,6.284478533040557,0.005770103932843312,-4.084872326120842e-05,0.008074369269367738
591,-0.9070983028726426,0.8031279615840341,6.284554225281346,0.0056394292068149355,-3.041550695575494e-05,0.007064078888560459
592,-0.9070425912580224,0.8031277028282046,6.284620092109751,0.005501816694893318,-2.1337169315162537e-05,0.006109286792111859
593,-0.9069882865311008,0.8031275286234724,6.284676681832042,0.005358203373581988,-1.350513133214533e-05,0.005208657665751266
594,-0.9069354442372312,0.80312742703566,6.284724528887616,0.0052094730476219975,-6.8136169859035e-06,0.004360753448877286
595,-0.9068841113437299,0.8031273871707335,6.284764153236389,0.005056457757249431,-1.160378620130597e-06,0.003564116305871883
596,-0.906834326750323,0.8031273991366252,6.284796059953387,0.004899939224227972,3.552724771200699e-06,0.002817227093903579
597,-0.9067861217849077,0.8031274539999513,6.2848207388211925,0.004740650343496604,7.419285366071228e-06,0.002118546467085909
598,-0.906739520684242,0.803127543738882,6.284838664051828,0.004579276702844075,1.0528018704702094e-05,0.0014664996598771896
599,-0.9066945410593011,0.8031276611932472,6.284850294041347,0.004416458130310531,1.2962538791582617e-05,0.000859498243873025
600,-0.9066511943450656,0.8031278000128297,6.284856071213913,0.004252790258261376,1.480122009830847e-05,0.00029593626926802433
601,-0.9066094862345991,0.803127954604658,6.284856421909454,0.00408882610110435,1.6117135977526183e-05,-0.00022579716091998108
602,-0.9065694170973123,0.8031281200800082,6.284851756338351,0.003925077638995794,1.6978061411399477e-05,-0.0007073170596335076
603,-0.9065309823813765,0.8031282922017084,6.284842468580327,0.003762017403700513,1.744653102435243e-05,-0.001150234545516913
604,-0.9064941730002917,0.8031284673322528,6.284828936635991,0.003600080060899286,1.757994307060696e-05,-0.0015561543215882505
605,-0.9064589757036633,0.8031286423831454,6.284811522519197,0.0034396639851388914,1.743070096726146e-05,-0.0019266690372539486
606,-0.9064253734322892,0.8031288147658165,6.284790572391725,0.003281132822936181,1.704638675083508e-05,-0.0022633564570540762
607,-0.9063933456576847,0.8031289823444243,6.284766416732459,0.0031248170406615143,1.6469964089390465e-05,-0.0025677753959679308
608,-0.9063628687062227,0.8031291433907431,6.284739370542757,0.0029710154536475215,1.5739992975585467e-05,-0.0028414625442689167
609,-0.9063339160680881,0.8031292965412901,6.28470973358079,0.002819996733395796,1.489086237923645e-05,-0.0030859298490086232
610,-0.9063064586912819,0.8031294407568279,6.28467779062322,0.002672000890244633,1.3953033061018372e-05,-0.0033026616651144667
611,-0.9062804652609305,0.8031295752843274,6.284643811751899,0.0025272407289030113,1.2953286618426936e-05,-0.003493112599272977
612,-0.9062559024641873,0.8031296996214362,6.284608052662122,0.002385903274666374,1.1914977432523021e-05,-0.0036587053561831203
613,-0.9062327352410242,0.8031298134834648,6.284570754990414,0.0022481511683034873,1.085828454894838e-05,-0.003800828985576404
614,-0.9062109270212403,0.8031299167728803,6.284532146659111,0.002114124027886135,9.800460949486211e-06,-0.003920837274836157
615,-0.9061904399480231,0.803130009551268,6.284492442235627,0.0019839397760331974,8.756078048401842e-06,-0.004020047421997866
616,-0.9061712350884147,0.8031300920137053,6.284451843304142,0.0018576959312714633,7.737263604644481e-06,-0.004099738875137837
617,-0.9061532726310516,0.8031301644654738,6.284410538847807,0.001735470862403301,6.753931470283264e-06,-0.004161152392263614
618,-0.9061365120715467,0.8031302273010225,6.284368705639413,0.0016173250049653677,5.814002003923966e-06,-0.004205489286510061
619,-0.9061209123859002,0.8031302809850835,6.284326508638861,0.0015033020390457419,4.923612119749191e-06,-0.004233910824166696
620,-0.9061064321923283,0.8031303260358326,6.284284101395663,0.001393430027882632,4.087314246096925e-06,-0.004247537815226674
621,-0.9060930299019035,0.8031303630099623,6.284241626455922,0.0012877225168095804,3.30826002977864e-06,-0.004247450132809025
622,-0.9060806638584066,0.8031303924895913,6.284199215767875,0.0011861795922778065,2.5883834823483195e-06,-0.0042346874767961755
623,-0.9060692924677838,0.8031304150708868,6.284156991092006,0.0010887889011297449,1.9285610102546845e-06,-0.004210247696792868
624,-0.906058874317616,0.8031304313542386,6.284115064410431,0.0009955266294346522,1.3287610652793155e-06,-0.004175088618333353
625,-0.9060493682869989,0.803130441935874,6.284073538331829,0.0009063584416531362,7.881831863654032e-07,-0.00413012710193465
626,-0.9060407336472267,0.8031304474008051,6.284032506495761,0.0008212403799878646,3.053851284859496e-07,-0.004076240111582584
627,-0.9060329301536839,0.8031304483169884,6.283992053971996,0.0007401197244508539,-1.2160153827654805e-07,-0.004014264641077092
628,-0.9060259181293284,0.803130445230586,6.2839522576559395,0.0006629358139106274,-4.951670059795833e-07,-0.0039449985702991386
629,-0.906019658540159,0.8031304386622163,6.283913186657971,0.0005896208287224341,-8.180294998926378e-07,-0.003869201023261756
630,-0.9060141130630439,0.8031304291040922,6.283874902686943,0.0005201005354456477,-1.0931517580144102e-06,-0.0037875931824546175
631,-0.9060092441462927,0.8031304170179443,6.283837460426451,0.0004542949943372834,-1.323667175978534e-06,-0.0037008589155459134
632,-0.9060050150633324,0.8031304028336393,6.2838009079037835,0.00039211923030044643,-1.5128149999270803e-06,-0.003609645617671742
633,-0.906001389959857,0.8031303869484038,6.283765286850668,0.00033348386806501373,-1.6638840311772004e-06,-0.003514565005324966
634,-0.9059983338947991,0.8031303697265688,6.283730633055606,0.00027829573240244036,-1.780164192570474e-06,-0.0034161940072075414
635,-0.9059958128754702,0.803130351499767,6.283696976707189,0.00022645841423204728,-1.8649053932933892e-06,-0.003315075676169416
636,-0.9059937938872077,0.8031303325675034,6.283664342728208,0.00017787280350936937,-1.9212830376267768e-06,-0.0032117201200295964
637,-0.9059922449178559,0.8031303131980437,6.283632751100143,0.00013243758981601678,-1.952369647977528e-06,-0.0031066054930147793
638,-0.9059911349773969,0.803130293629557,6.283602217177846,9.004973160617266e-05,-1.9611119816610786e-06,-0.003000178966015299
639,-0.9059904341130426,0.8031302740714628,6.283572751994224,5.0604895074514105e-05,-1.9503131365250554e-06,-0.002892857758360043
640,-0.9059901134200861,0.8031302547059357,6.283544362554706,1.3997863640838195e-05,-1.922619054707855e-06,-0.0027850301451071416
641,-0.9059901450488016,0.8031302356895246,6.283517052121527,-1.9877080952160116e-05,-1.8805089898118075e-06,-0.002677056490781306
642,-0.9059905022076681,0.8031302171548492,6.283490820487531,-5.112580491657218e-05,-1.8262894229257966e-06,-0.0025692703083795773
643,-0.9059911591631924,0.8031301992123446,6.283465664239704,-7.985399504802412e-05,-1.7620909837026327e-06,-0.002461979257194904
644,-0.9059920912365835,0.8031301819520216,6.2834415770122725,-0.00010616685670296412,-1.6898679860046987e-06,-0.0023554662290821643
645,-0.9059932747975294,0.8031301654452201,6.28341854972943,-0.00013016883608955233,-1.6114001770396615e-06,-0.0022499903395156026
646,-0.9059946872553152,0.8031301497463383,6.283396570837816,-0.0001519633658743561,-1.528296346087959e-06,-0.0021457879833359146
647,-0.9059963070475088,0.8031301348945155,6.283375626528737,-0.00017165263308918592,-1.4419994899798635e-06,-0.002043073832462069
648,-0.9059981136264333,0.803130120915258,6.2833557009503105,-0.0001893373683473992,-1.3537932205608252e-06,-0.0019420418529784104
649,-0.9060000874436346,0.8031301078219973,6.283336776409614,-0.0002051166553807527,-1.2648091477796229e-06,-0.0018428662862763068
650,-0.9060022099325401,0.8031300956175674,6.283318833565065,-0.0002190877599293299,-1.176035060454957e-06,-0.0017457026235816859
651,-0.906004463489501,0.8031300842956005,6.283301851609082,-0.00023134597702907463,-1.0883235977646124e-06,-0.0016506885734033163
652,-0.9060068314533951,0.8031300738418338,6.2832858084413346,-0.00024198449575506728,-1.0024012963123216e-06,-0.0015579449761799122
653,-0.9060092980839596,0.8031300642353232,6.283270680832698,-0.00025109428050888667,-9.188778495183122e-07,-0.0014675767511561349
654,-0.9060118485390165,0.8031300554495658,6.2832564445801635,-0.0002587639679412721,-8.382554109844703e-07,-0.0013796737556584493
655,-0.9060144688507419,0.8031300474535292,6.283243074652935,-0.0002650797786449844,-7.609378123348722e-07,-0.0012943116897969331
656,-0.906017145901122,0.803130040212589,6.283230545329871,-0.0002701254427500557,-6.872396505620542e-07,-0.0012115529233781485
657,-0.9060198673967308,0.8031300336893775,6.283218830328651,-0.000273982138597885,-6.173951044482301e-07,-0.0011314473205580554
658,-0.9060226218429579,0.8031300278445448,6.283207902926786,-0.00027672844368675873,-5.515664351869431e-07,-0.0010540330524491876
659,-0.9060253985178026,0.8031300226374374,6.283197736074746,-0.00027844029709836855,-4.898521296122853e-07,-0.0009793373554018686
660,-0.9060281874453464,0.803130018026698,6.283188302501557,-0.00027919097265311583,-4.3229459287785176e-07,-0.0009073772824367024
661,-0.9060309793690089,0.8031300139707889,6.283179574812992,-0.00027905106206052517,-3.7888743917202006e-07,-0.0008381604305942732
662,-0.9060337657246808,0.8031300104284448,6.283171525582763,-0.0002780884673549185,-3.295826531566695e-07,-0.000771685615124724
663,-0.906036538613826,0.8031300073590566,6.28316412743684,-0.00027636840194258044,-2.842970858891798e-07,-0.0007079435697246204
664,-0.9060392907766334,0.8031300047230028,6.283157353131126,-0.0002739533995894346,-2.429163819765551e-07,-0.0006469175727686662
665,-0.9060420155652964,0.8031300024819278,6.283151175623125,-0.00027090333073021336,-2.053017713747538e-07,-0.0005885840275740621
666,-0.9060447069174896,0.8031300005989612,6.283145568137367,-0.0002672754255092496,-1.712949474189059e-07,-0.00053291312411984
667,-0.9060473593301067,0.8031299990388917,6.283140504225121,-0.00026312430294510487,-1.4072247106531e-07,-0.00047986932518145203
668,-0.9060499678333188,0.8031299977682983,6.2831359578186285,-0.0002585020056942215,-1.1339971085527876e-07,-0.00042941197333279635
669,-0.9060525279650051,0.803129996755645,6.283131903280065,-0.000253458039863472,-8.91343874606656e-08,-0.0003814957394781468
670,-0.9060550357456071,0.8031299959713409,6.283128315445541,-0.0002480394193902424,-6.772967434253231e-08,-0.0003360711652824774
671,-0.9060574876534441,0.8031299953877731,6.283125169664303,-0.00024229071449346975,-4.898692839391474e-08,-0.0002930850819856761
672,-0.9060598806005354,0.8031299949793116,6.2831224418335045,-0.00023625410375691032,-3.2708155573316954e-08,-0.0002524810774603602
673,-0.9060622119089572,0.8031299947222925,6.283120108428616,-0.00022996942940409158,-1.8698047084374297e-08,-0.00021419990049969718
674,-0.9060644792877665,0.8031299945949866,6.283118146529869,-0.0002234742553615524,-6.765269284581271e-09,-0.00017817984876636556
675,-0.906066680810519,0.803129994577548,6.283116533844897,-0.0002168039277273783,3.2757610740132544e-09,-0.0001443571457844711
676,-0.9060688148934023,0.8031299946519529,6.283115248727712,-0.0002099916372797158,1.1603727083939653e-08,-0.00011266629119602996
677,-0.9060708802740022,0.8031299948019246,6.283114270194423,-0.00020306848368323316,1.8389486473669803e-08,-8.304036669871996e-05
678,-0.9060728759907183,0.8031299950128528,6.283113577935668,-0.00019606354107954592,2.379536068167682e-08,-5.541138435461304e-05
679,-0.9060748013628411,0.8031299952717051,6.28311315232618,-0.0001890039247466061,2.7974625653192432e-08,-2.9710513070126137e-05
680,-0.9060766559713006,0.8031299955669349,6.283112974431562,-0.00018191485856848324,3.1071152047237125e-08,-5.868410535181062e-06
681,-0.9060784396400919,0.8031299958883866,6.283113026012437,-0.00017481974302906427,3.321923714769733e-08,1.618458540768135e-05
682,-0.9060801524183822,0.8031299962271989,6.283113289526289,-0.00016774022350651746,3.4543523811508364e-08,3.651818502771176e-05
683,-0.9060817945633023,0.8031299965757093,6.283113748127019,-0.00016069625862886975,3.515905532538532e-08,5.520196116590096e-05
684,-0.9060833665234195,0.803129996927358,6.283114385662497,-0.00015370618849008024,3.517142922365132e-08,7.230513444244778e-05
685,-0.9060848689228921,0.8031299972765955,6.283115186670179,-0.0001467868025276866,3.4677024148700195e-08,8.789640202343509e-05
686,-0.906086302546301,0.8031299976187919,6.283116136371049,-0.0001399534068876355,3.3763296702750306e-08,0.00010204377194828065
687,-0.9060876683241502,0.8031299979501481,6.283117220661966,-0.00013321989111531263,3.250912872573563e-08,0.00011481441129216763
688,-0.9060889673190307,0.8031299982676134,6.283118426106534,-0.00012659879402313046,3.098523292587411e-08,0.00012627450226605498
689,-0.9060902007124392,0.8031299985688055,6.28311973992472,-0.00012010136859763479,2.925456803176857e-08,0.00013648913472778814
690,-0.9060913697922393,0.8031299988519347,6.283121149981282,-0.00011373764583145926,2.737279307919073e-08,0.00014552217778423369
691,-0.906092475940756,0.8031299991157347,6.283122644773153,-0.00010751649736557462,2.538873704262961e-08,0.0001534361963596526
692,-0.9060935206234906,0.8031299993593947,6.283124213415863,-0.00010144569684790115,2.3344857394729542e-08,0.00016029234560962848
693,-0.9060945053784409,0.8031299995824993,6.283125845629188,-9.553197991832748e-05,2.127772960420122e-08,0.0001661503194958506
694,-0.9060954318060163,0.8031299997849723,6.283127531722066,-8.978110275265872e-05,1.9218510604955657e-08,0.00017106825595857486
695,-0.906096301559528,0.8031299999670238,6.28312926257687,-8.419789909107026e-05,1.719339329090362e-08,0.0001751027048731402
696,-0.9060971163362451,0.8031300001291031,6.2831310296332,-7.878633570199928e-05,1.5224067293780073e-08,0.000178308561126711
697,-0.9060978778689941,0.8031300002718561,6.28313282487121,-7.354956623035084e-05,1.3328134444819736e-08,0.00018073904083256876
698,-0.9060985879182905,0.8031300003960867,6.283134640794624,-6.848998339628738e-05,1.1519545697138968e-08,0.00018244564208668996
699,-0.9060992482649837,0.8031300005027218,6.2831364704134,-6.360926950899224e-05,9.808975805345955e-09,0.0001834781127722843
700,-0.9060998607033983,0.8031300005927806,6.2831383072262765,-5.890844527193639e-05,8.204209800420184e-09,0.0001838844623867021
701,-0.9061004270349544,0.8031300006673471,6.283140145203155,-5.438791687140843e-05,6.710477378330936e-09,0.0001837109132122208
702,-0.9061009490622515,0.8031300007275469,6.283141978767375,-5.00475213259973e-05,5.330802297843163e-09,0.00018300193097837633
703,-0.9061014285835958,0.803130000774526,6.283143802778039,-4.588657010367642e-05,4.0662869903410355e-09,0.0001818002016335976
704,-0.9061018673879554,0.8031300008094334,6.283145612512311,-4.190389099999589e-05,2.9163980492060888e-09,0.0001801466528641491
705,-0.9061022672503264,0.803130000833406,6.2831474036478685,-3.809786828916082e-05,1.8792297410259054e-09,0.00017808045867218427
706,-0.9061026299274909,0.8031300008475555,6.283149172245453,-3.446648115636304e-05,9.517278813923597e-10,0.00017563905811315885
707,-0.9061029571541507,0.8031300008529584,6.283150914731606,-3.100734042861572e-05,1.2990755961189007e-10,0.0001728581719995335
708,-0.9061032506394208,0.8031300008506487,6.2831526278815995,-2.771772362052111e-05,-5.909508156026532e-10,0.00016977182677513478
709,-0.9061035120636652,0.8031300008416088,6.28315430880269,-2.459460832018561e-05,-1.2161420900364112e-09,0.00016641239103674336
710,-0.9061037430756567,0.8031300008267672,6.283155954917557,-2.163470394398585e-05,-1.7513734353643727e-09,0.00016281058219286317
711,-0.9061039452900477,0.8031300008069935,6.283157563948098,-1.883448187997825e-05,-2.2026410434703426e-09,0.00015899552583128261
712,-0.9061041202851339,0.8031300007830962,6.283159133899606,-1.6190204063136834e-05,-2.5761018706515202e-09,0.0001549947756105296
713,-0.9061042696008966,0.8031300007558224,6.2831606630451935,-1.369795001070459e-05,-2.8779788993589703e-09,0.0001508343416941671
714,-0.9061043947373072,0.8031300007258572,6.28316214991068,-1.1353642348240758e-05,-3.1144702193632455e-09,0.00014653875563589428
715,-0.9061044971528797,0.8031300006938237,6.283163593259856,-9.153070876723141e-06,-3.29168609053069e-09,0.00014213107970039706
716,-0.9061045782634564,0.8031300006602852,6.283164992080124,-7.091915207823961e-06,-3.4155710554972206e-09,0.0001376329738928752
717,-0.9061046394412148,0.8031300006257458,6.283166345568593,-5.165766016017066e-06,-3.49187463454283e-09,0.00013306471992308573
718,-0.9061046820138774,0.803130000590654,6.28316765311857,-3.3701449439154383e-06,-3.5260866435477347e-09,0.0001284452751078054
719,-0.906104707264116,0.8031300005554046,6.2831689143065095,-1.7005232060709002e-06,-3.5234319866931694e-09,0.00012379231265408677
